MPAF01A0,リサーチリテラシー（後半）,T
MPAF01M0,リサーチリテラシー（後半）【MR】,T
MPAF02A0,研究基礎,T
MPAF02B0,研究基礎,T
MPAF02F0,研究基礎,T
MPAF02H0,研究基礎,T
MPAF02K0,研究基礎,T
MPAF02L0,研究基礎,T
MPAF02N0,研究基礎,T
MPAF02P0,研究基礎,T
MPAF02Q0,研究基礎,T
MPAF02R0,研究基礎,T
MPAF02S0,研究基礎,T
MPAF02T0,研究基礎,T
MPAF03A0,特別研究,T
MPAF03B0,特別研究,T
MPAF03C0,特別研究,T
MPAF03F0,特別研究,T
MPAF03H0,特別研究,T
MPAF03K0,特別研究,T
MPAF03N0,特別研究,T
MPAF03P0,特別研究,T
MPAF03Q0,特別研究,T
MPAF03R0,特別研究,T
MPAF03S0,特別研究,T
MPAF03T0,特別研究,T
MPAF03Z1,特別研究（秋入学生用）,T
MPCA01A0,特許法・実用新案法要論Ⅰ,T
MPCA01M0,特許法・実用新案法要論Ⅰ【MR】,T
MPCA02A0,特許法・実用新案法要論Ⅱ,T
MPCA02M0,特許法・実用新案法要論Ⅱ【MR】,T
MPCA03M0,意匠法要論【MR】,T
MPCA04M0,商標法要論【MR】,T
MPCA05M0,著作権法要論【MR】,T
MPCA06M0,知的財産法専門特論Ⅰ【MR】,T
MPCA07M0,知的財産法専門特論Ⅱ【MR】,T
MPCA08M0,知的財産法専門特論Ⅲ【MR】,T
MPCA09M0,知的財産法専門特論Ⅳ【MR】,T
MPCA10A0,著作権法特論,T
MPCA10M0,著作権法特論【MR】,T
MPCA11M0,不正競争防止法特論【MR】,T
MPCA12M0,コンテンツ知的財産特論【MR】,T
MPCA14M0,民法要論Ⅰ【MR】,T
MPCA15M0,民法要論Ⅱ【MR】,T
MPCA16M0,民事訴訟法要論Ⅰ【MR】,T
MPCA17M0,民事訴訟法要論Ⅱ【MR】,T
MPCA19A0,不正競争防止法要論（前半）,T
MPCA19M0,不正競争防止法要論（前半）【MR】,T
MPCB01A0,特許法・実用新案法特論Ⅰ,T
MPCB01M0,特許法・実用新案法特論Ⅰ【MR】,T
MPCB02A0,特許法・実用新案法特論Ⅱ,T
MPCB02M0,特許法・実用新案法特論Ⅱ【MR】,T
MPCB03M0,意匠法特論【MR】,T
MPCB04M0,商標法特論【MR】,T
MPCB08M0,知的財産訴訟特論【MR】,T
MPCB09A0,知的財産情報検索分析要論,T
MPCB09M0,知的財産情報検索分析要論【MR】,T
MPCB18M0,機械技術要論【MR】,T
MPCB19M0,電気電子要論【MR】,T
MPCB20M0,応用化学・生命工学要論【MR】,T
MPCB21M0,特許出願作成演習【MR】,T
MPCB22A0,審査審判対応演習,T
MPCB22M0,審査審判対応演習【MR】,T
MPCB23M0,知的財産情報検索分析特論【MR】,T
MPCB23A0,知的財産情報検索分析特論,T
MPCB24M0,医薬特許要論（前半）【MR】,T
MPCB25M0,情報と知的財産（後半）【MR】,T
MPCB26M0,情報技術要論【MR】,T
MPCC01A0,知的財産関連条約要論,T
MPCC01M0,知的財産関連条約要論【MR】,T
MPCC02A0,知的財産関連条約特論,T
MPCC02M0,知的財産関連条約特論【MR】,T
MPCC08A0,比較知的財産法特論,T
MPCC10M0,知的財産国際訴訟特論【MR】,T
MPCC11M0,国際関係法要論【MR】,T
MPCC17M0,知的財産会議英語演習【MR】,T
MPCC19A0,Intellectual Property Studies Ⅰ,T
MPCC20A0,Intellectual Property Studies Ⅱ,T
MPCC21A0,Intellectual Property Studies Ⅲ,T
MPCC22A0,Intellectual Property Studies (Summer Intensive),T
MPCC23M0,米国知的財産法特論【MR】,T
MPCC24M0,中国・アジア知的財産法特論（前半）【MR】,T
MPCC25M0,欧州知的財産法特論（後半）【MR】,T
MPCC26A0,Intellectual Property Studies Ⅰ,T
MPCC27A0,Intellectual Property Studies Ⅱ,T
MPCC28A0,Intellectual Property Studies Ⅲ,T
MPCC29A0,Intellectual Property Studies (Summer Intensive),T
MPCC30M0,知的財産会議英語演習【MR】,T
MPCD04M0,知的財産評価特論【MR】,T
MPCD05M0,技術標準と知的財産特論【MR】,T
MPCD06M0,マーケティングとブランド特論【MR】,T
MPCD09M0,知的財産経営戦略特論（基礎）【MR】,T
MPCD10M0,知的財産経営戦略特論（応用）【MR】,T
MPCD11M0,ＩＰビジネス契約特論【MR】,T
MPCD12M0,国際ＩＰビジネス契約特論【MR】,T
MPCD13A0,知的財産事業化演習,T
MPCD14M0,経営学要論【MR】,T
MPCD15M0,事業戦略事例研究Ⅰ【MR】,T
MPCD16M0,事業戦略事例研究Ⅱ【MR】,T
MPCD17M0,知的財産マネジメント要論【MR】,T
MPCD18M0,知的財産マネジメント特論【MR】,T
MPCD19A0,知的財産事業化演習,T
MPCD20M0,知的財産評価特論【MR】,T
MPCD21M0,ＩＰビジネス契約特論【MR】,T
MPCD22M0,国際ＩＰビジネス契約特論【MR】,T
MPCD23M0,技術標準と知的財産特論【MR】,T
MPCD24M0,マーケティングとブランド特論【MR】,T
MPCD25A0,マーケティングとデザイン特論（前半）,T
MPCD25M0,マーケティングとデザイン特論（前半）【MR】,T
MPCD26M0,経営学要論【MR】,T
MPCD27M0,事業戦略事例研究Ⅰ【MR】,T
MPCD28M0,事業戦略事例研究Ⅱ【MR】,T
MPCD29A0,マーケティングとデザイン特論（前半）,T
MPCD29M0,マーケティングとデザイン特論（前半）【MR】,T
MPCD30A0,知的財産事業化演習,T
MPCD31M0,事業戦略事例研究Ⅰ【MR】,T
MPCD32M0,事業戦略事例研究Ⅱ【MR】,T
MPCE02A0,知的財産専門実務特論,T
MPCE03A0,インターンシップ,T
MPCF06A0,Intellectual Property Research Ⅰ,T
MPCF07A0,Intellectual Property Research Ⅱ,T
MPDF04M0,日本語演習Ⅰ【MR】,T
MPDF05M0,日本語演習Ⅱ【MR】,T
F0CA0100,応用数学特論,T
F0CA0200,応用物理学特論,T
F0CB0101,外国語特論（1組）,T
F0CB0102,外国語特論（2組）,T
F0CB0103,外国語特論（3組）,T
F0CB0104,外国語特論（4組）,T
F0CB0105,外国語特論（5組）,T
F0CB0106,外国語特論（6組）,T
F0CB0300,材料・デバイス開発実務特論,T
F0DB0610,インターンシップ（Cコース）,T
F0DB0620,インターンシップ（Aコース）,T
F0DB0630,インターンシップ（EDコース）,T
F0DB0640,インターンシップ（Mコース）,T
F0DB0650,インターンシップ（Kコース）,T
F0DB0660,インターンシップ（Vコース）,T
F0DB0670,インターンシップ（Uコース）,T
50CA0100,建築設計演習ａ,ac
50CA0200,建築設計演習ｂ,ac
50CA0300,建築設計演習ｃ,ac
50CA0400,建築史特論,ac
50CA0500,建築論特論,ac
50CA0600,建築設計マネジメント,ac
50CA0700,建築工事監理実習,ac
50CA0800,建築設計演習Ⅰａ（前半）,ac
50CA0900,建築設計演習Ⅰｂ（後半）,ac
50CA1000,建築設計演習Ⅱａ（前半）,ac
50CA1100,建築設計演習Ⅱｂ（後半）,ac
50CA1200,建築設計演習Ⅲ（前半）,ac
50CA1300,建築史特論Ⅰ（前半）,ac
50CA1400,建築史特論Ⅱ（後半）,ac
50CA1500,建築論特論Ⅰ（前半）,ac
50CA1600,建築論特論Ⅱ（後半）,ac
50CA1700,建築設計マネジメント（前半）,ac
50CA1800,建築工事監理実習（後半）,ac
50CA1900,建築設計特論ａ（前半）,ac
50CA2000,建築設計特論ｂ（後半）,ac
50CA2100,建築インターンシップⅠ（意匠系）,ac
50CB0200,空間デザイン学特論,ac
50CB0400,社会資本計画学特論,ac
50CB0600,都市・地域計画特論,ac
50CB0700,地区計画特論,ac
50CB0800,建築計画特論ａ,ac
50CB0900,建築計画特論b,ac
50CB1100,地区計画特論ａ（前半）,ac
50CB1200,地区計画特論ｂ（後半）,ac
50CB1300,建築計画特論Ⅰａ（前半）,ac
50CB1400,建築計画特論Ⅰｂ（後半）,ac
50CB1500,建築計画特論Ⅱａ（前半）,ac
50CB1600,建築計画特論Ⅱｂ（後半）,ac
50CC0100,建築環境特論ａ,ac
50CC0200,建築環境特論ｂ,ac
50CC1200,建築環境特論Ⅰａ（前半）,ac
50CC1300,建築環境特論Ⅰｂ（後半）,ac
50CC1400,建築環境特論Ⅱａ（前半）,ac
50CC1500,建築環境特論Ⅱｂ（後半）,ac
50CD0200,海岸工学特論,ac
50CD0300,地盤工学特論,ac
50CD0400,河川工学特論,ac
50CD0700,土構造特論,ac
50CE0100,コンクリート工学特論,ac
50CE0200,建築材料特論,ac
50CE0300,維持管理工学特論,ac
50CE0400,コンクリート構造特論ａ,ac
50CE0500,コンクリート構造特論ｂ,ac
50CE0700,鋼構造特論ｂ,ac
50CE0800,複合・合成構造特論ａ,ac
50CE0900,複合・合成構造特論ｂ,ac
50CE1000,耐震設計特論,ac
50CE1100,空間構造特論,ac
50CE1200,構造計画特論,ac
50CE1300,建築振動特論,ac
50CE1500,構造力学特論ｂ,ac
50CE1600,建築構造実験,ac
50CE1700,建築構造解析演習,ac
50CE1800,建築構造設計演習,ac
50CE1900,木質構造特論,ac
50CE2000,建築材料特論ａ（前半）,ac
50CE2100,建築材料特論ｂ（後半）,ac
50CE2200,木質構造特論ａ（前半）,ac
50CE2300,木質構造特論ｂ（後半）,ac
50CE2400,コンクリート構造特論ｂ（前半）,ac
50CE2500,コンクリート構造特論ｃ（後半）,ac
50CE2600,鋼構造特論ｂ（前半）,ac
50CE2700,鋼構造特論ｃ（後半）,ac
50CE2800,複合・合成構造特論ｂ（前半）,ac
50CE2900,複合・合成構造特論ｃ（後半）,ac
50CE3000,耐震設計特論ａ（前半）,ac
50CE3100,耐震設計特論ｂ（後半）,ac
50CE3200,構造計画特論（前半）,ac
50CE3300,建築インターンシップⅠ（構造系）,ac
50DA0800,建築インターンシップⅠ（意匠系）,ac
50DA0900,建築インターンシップⅡ（意匠系）,ac
50DA1000,建築設計実習Ⅰ,ac
50DA1100,建築設計実習Ⅱ,ac
50DE1900,建築インターンシップⅠ（構造系）,ac
70CA0101,建築学特殊研究,ac
70CA0102,建築学特殊研究,ac
70CA0103,建築学特殊研究,ac
70CA0201,都市デザイン工学特殊研究,ac
70CA0202,都市デザイン工学特殊研究,ac
70CA0203,都市デザイン工学特殊研究,ac
F1A00100,建築・都市デザイン演習（デザイン・計画、歴史・意匠）,ac
F1A00102,建築・都市デザイン演習（河海・地盤）,ac
F1A00103,建築・都市デザイン演習（構造・材料）,ac
F1A00104,建築・都市デザイン演習（環境）,ac
F1A00200,文献調査Ⅰ,ac
F1A00300,文献調査Ⅱ,ac
F1C00500,建築職能論,ac
F1C00600,建築職能論（前半）,ac
51CA0100,半導体エレクトロニクス特論,edm
51CA0300,半導体デバイス工学特論,edm
51CA0400,集積回路設計特論,edm
51CA0500,フォトニクス工学特論,edm
51CB0100,計算機工学特論,edm
51CB0200,ソフトウェア特論,edm
51CB0300,情報工学特論,edm
51CB0400,通信システム・方式特論,edm
51CC0100,プラズマ工学特論,edm
51CC0200,パルスパワー工学特論,edm
51CC0300,エネルギー・環境工学特論,edm
51CC0600,メカトロニクス特論,edm
51CD0100,インテリジェントメカニズム特論,edm
51CD0200,最適システム工学特論（前半）,edm
51CD0300,システム制御工学特論,edm
51CE0100,材料設計工学特論,edm
51CE0200,機能材料工学特論,edm
51CE0300,材料実験力学特論,edm
51CE0400,振動工学特論,edm
51CF0100,流体機械特論,edm
51CF0200,伝熱工学特論,edm
51CF0300,内燃機関特論,edm
51CF0500,流体工学特論,edm
51CG0100,加工学特論,edm
51CG0200,接合工学特論,edm
51CG0400,機械制御特論,edm
71CA0101,電気電子工学特殊研究,edm
71CA0102,電気電子工学特殊研究,edm
71CA0103,電気電子工学特殊研究,edm
71CA0201,電子工学特殊研究,edm
71CA0202,電子工学特殊研究,edm
71CA0203,電子工学特殊研究,edm
71CA0301,電気工学特殊研究,edm
71CA0302,電気工学特殊研究,edm
71CA0303,電気工学特殊研究,edm
71CA0401,機械工学特殊研究,edm
71CA0402,機械工学特殊研究,edm
71CA0403,機械工学特殊研究,edm
F2A00100,フィールド研究,edm
F2C00200,フィールドプラクティス,edm
F2C00300,ＣＡＤ／ＣＡＭ特論,edm
F2C00401,特別講義ａ,edm
F2C00402,特別講義ａ,edm
F2C00700,自動車工学特論,edm
F2C00801,インターナショナルプレゼンテーション,edm
F2C00802,インターナショナルプレゼンテーション,edm
F2C00900,グローバル・リーダーシップ特論,edm
F2C01000,エンジニアリング・コミュニケーション特論,edm
F2C00600,宇宙工学特論,edm
F2C01100,航空宇宙工学特論,edm
F2C01200,ロボティクス特論,edm
52CA0800,超分子化学特論,kvu
52CA0900,ファインケミカルズ特論,kvu
52CA1000,高分子化学特論,kvu
52CA1100,分子認識化学特論,kvu
52CA1200,界面化学特論,kvu
52CA1300,物質・材料研究特論ａ,kvu
52CA1400,物質・材料研究特論ｂ,kvu
52CA1500,構造有機化学特論,kvu
52CA1600,有機金属化学特論,kvu
52CA1700,有機合成化学特論,kvu
52CB0100,生物環境物理学特論,kvu
52CB0200,自然生態系特論,kvu
52CB0300,資源リサイクル工学特論,kvu
52CB0400,バイオリサイクル工学特論,kvu
52CB0500,生物処理工学特論,kvu
52CB0600,環境計測特論,kvu
52CB0800,計画数理特論,kvu
52CB0900,水環境施設特論,kvu
52CB1000,環境工学研究法ａ,kvu
52CB1100,環境工学研究法ｂ,kvu
52CC0200,バイオマテリアル特論,kvu
52CC0300,生体電子工学特論,kvu
52CC0400,バイオメカニクス特論,kvu
52CC0500,分子生体機能学特論,kvu
52CC0600,ナノメディシン特論,kvu
52CC0700,生体情報学特論,kvu
52CC0800,機能性食品学特論,kvu
52CC0900,生物プロセス工学特論,kvu
52CC1000,生命工学研究法ａ,kvu
52CC1100,生命工学研究法ｂ,kvu
52CC1200,バイオ人工臓器特論,kvu
52CC1300,組織医工学特論,kvu
72CA0101,応用化学特殊研究,kvu
72CA0102,応用化学特殊研究,kvu
72CA0103,応用化学特殊研究,kvu
72CA0201,環境工学特殊研究,kvu
72CA0202,環境工学特殊研究,kvu
72CA0203,環境工学特殊研究,kvu
72CA0301,生命工学特殊研究,kvu
72CA0302,生命工学特殊研究,kvu
72CA0303,生命工学特殊研究,kvu
F3A00100,基盤テクノロジーセミナーａ,kvu
F3A00200,基盤テクノロジーセミナーｂ,kvu
F3C00300,研究倫理特論,kvu
F3C00600,環境化学特論,kvu
F3C00700,高分子材料特論,kvu
F3C00800,エネルギー技術特論,kvu
F3C00900,バイオエネルギー特論,kvu
F3C01100,微生物学特論,kvu
F3C01300,光機能性材料化学特論,kvu
F3C01400,ハイブリッド材料特論,kvu
F3C01500,生物プロセス工学特論,kvu
C0C001A0,基礎ゼミナール,P
C0C001B0,基礎ゼミナール,P
C0C001C0,基礎ゼミナール,P
C0C001D0,基礎ゼミナール,P
C0C001E0,基礎ゼミナール,P
C0C001F0,基礎ゼミナール,P
C0C001G0,基礎ゼミナール,P
C0C001H0,基礎ゼミナール,P
C0C001I0,基礎ゼミナール,P
C0C001L0,基礎ゼミナール,P
C0C001M0,基礎ゼミナール,P
C0C002A0,言語表現技術Ⅰ3組,P
C0C002B0,言語表現技術Ⅰ4組,P
C0C002C0,言語表現技術Ⅰ1組,P
C0C002D0,言語表現技術Ⅰ2組,P
C0C003A0,言語表現技術Ⅱ3組,P
C0C003B0,言語表現技術Ⅱ4組,P
C0C003C0,言語表現技術Ⅱ1組,P
C0C003D0,言語表現技術Ⅱ2組,P
C0C004A0,ＩＣＴリテラシー1組,P
C0C004B0,ＩＣＴリテラシー2組,P
C0C004C0,ＩＣＴリテラシー3組,P
C0C004D0,ＩＣＴリテラシー4組,P
C0C005A0,健康体育Ⅰ,P
C0C005B0,健康体育Ⅰ（アダプテッドコース）,P
C0C006A0,健康体育Ⅱ,P
C0C006B0,健康体育Ⅱ（アダプテッドコース）,P
C1C001A0,受信英語Ⅰ3組,P
C1C001B0,受信英語Ⅰ4組,P
C1C001C0,受信英語Ⅰ1組,P
C1C001D0,受信英語Ⅰ2組,P
C1C002A0,受信英語Ⅱ3組,P
C1C002B0,受信英語Ⅱ4組,P
C1C002C0,受信英語Ⅱ1組,P
C1C002D0,受信英語Ⅱ2組,P
C1C003A0,発信英語Ⅰ1組,P
C1C003B0,発信英語Ⅰ2組,P
C1C003C0,発信英語Ⅰ3組,P
C1C003D0,発信英語Ⅰ4組,P
C1C004A0,発信英語Ⅱ1組,P
C1C004B0,発信英語Ⅱ2組,P
C1C004C0,発信英語Ⅱ3組,P
C1C004D0,発信英語Ⅱ4組,P
C1C005A0,資格英語Ⅰ1組,P
C1C005B0,資格英語Ⅰ2組,P
C1C005C0,資格英語Ⅰ4組,P
C1C005D0,資格英語Ⅰ3組,P
C1C006A0,資格英語Ⅱ3組,P
C1C006B0,資格英語Ⅱ4組,P
C1C006C0,資格英語Ⅱ2組,P
C1C006D0,資格英語Ⅱ1組,P
C1C007A0,法学英語基礎Ⅰ,P
C1C008A0,法学英語基礎Ⅱ,P
C1C009A0,メディア英語ⅠA組,P
C1C009B0,メディア英語ⅠB組,P
C1C010A0,メディア英語ⅡA組,P
C1C010B0,メディア英語ⅡB組,P
C1C011A0,メディア英語Ⅲ,P
C1C011B0,メディア英語Ⅲ,P
C2C002A0,哲学イ組,P
C2C002B0,哲学ロ組,P
C2C002C0,哲学ロ組,P
C2C002D0,哲学イ組,P
C2C002E0,哲学,P
C2C002F0,哲学,P
C2C003A0,倫理学,P
C2C003B0,倫理学,P
C2C003C0,倫理学,P
C2C003D0,倫理学,P
C2C003F0,倫理学,P
C2C004A0,美術史,P
C2C004B0,美術史,P
C2C004C0,美術史,P
C2C004D0,美術史,P
C2C004F0,美術史,P
C2C004G0,美術史,P
C2C004H0,美術史,P
C2C004J0,美術史,P
C2C005A0,文学ロ組,P
C2C005B0,文学イ組,P
C2C005C0,文学イ組,P
C2C005D0,文学ロ組,P
C2C006A0,歴史学,P
C2C006B0,歴史学,P
C2C006C0,歴史学,P
C2C006D0,歴史学,P
C2C006F0,歴史学,P
C2C006G0,歴史学,P
C2C007A0,心理学,P
C2C007B0,心理学,P
C2C007C0,心理学,P
C2C007D0,心理学,P
C2C007F0,心理学,P
C2C007G0,心理学,P
C2C008A0,社会学,P
C2C009B0,日本の伝統と文化,P
C2C010A0,化学,P
C2C011A0,地球科学,P
C2C012A0,生物科学,P
C2C013A0,生涯スポーツⅠ（バスケットボール）,P
C2C013B0,生涯スポーツⅠ（バドミントン）,P
C2C013C0,生涯スポーツⅠ（バドミントン）,P
C2C013D0,生涯スポーツⅠ（卓球）,P
C2C013F0,生涯スポーツⅠ（テニス）,P
C2C014A0,生涯スポーツⅡ（卓球）,P
C2C014B0,生涯スポーツⅡ（サッカー）,P
C2C014C0,生涯スポーツⅡ（バスケットボール）,P
C2C014D0,生涯スポーツⅡ（バドミントン）,P
C2C014F0,生涯スポーツⅡ（テニス）,P
C2C015A0,日本語Ⅰ,P
C2C016A0,日本語Ⅱ,P
C2C017A0,日本の文化と社会Ⅰ,P
C2C018A0,日本の文化と社会Ⅱ,P
C3C001A0,ビジネス英語A組,P
C3C001B0,ビジネス英語B組,P
C3C002A0,英語プレゼンテーションA組,P
C3C002B0,英語プレゼンテーションB組,P
C3C003A0,知的財産専門英語ⅠA組,P
C3C003B0,知的財産専門英語ⅠB組,P
C3C004A0,知的財産専門英語Ⅱ,P
C3C007A0,キャリア形成Ⅰ,P
C3C008A0,キャリア形成Ⅱ,P
C3C009A0,キャリア形成Ⅲ,P
C3C010A0,ライフステージと法,P
C3C011A0,中国語コミュニケーション,P
C3C011B0,中国語コミュニケーション,P
C3C012B0,中国語と現代中国事情,P
C3C012C0,中国語と現代中国事情,P
C3C012A0,中国語と現代中国事情,P
C3C012D0,中国語と現代中国事情,P
C3C013A0,知的財産中国語,P
C3C015B0,海外語学研修（英語）【春期】,P
C3C015C0,海外語学研修（英語）【夏期】,P
C3C016A0,知的財産インターンシップ,P
C3C019A0,知的財産研修,P
C3C020A0,キャリアゼミナール,P
C3C020B0,キャリアゼミナール,P
C3C020C0,キャリアゼミナール,P
C3C020D0,キャリアゼミナール,P
C3C020E0,キャリアゼミナール,P
C3C020F0,キャリアゼミナール,P
C3C020G0,キャリアゼミナール,P
C3C020H0,キャリアゼミナール,P
C3C020I0,キャリアゼミナール,P
C3C020L0,キャリアゼミナール,P
C3C020M0,キャリアゼミナール,P
C3C021A0,展開ゼミナールａ,P
C3C021B0,展開ゼミナールａ,P
C3C021C0,展開ゼミナールａ,P
C3C021D0,展開ゼミナールａ,P
C3C021E0,展開ゼミナールａ,P
C3C021F0,展開ゼミナールａ,P
C3C021G0,展開ゼミナールａ,P
C3C021H0,展開ゼミナールａ,P
C3C021I0,展開ゼミナールａ,P
C3C021J0,展開ゼミナールａ,P
C3C021K0,展開ゼミナールａ,P
C3C021L0,展開ゼミナールａ,P
C3C021M0,展開ゼミナールａ,P
C3C021N0,展開ゼミナールａ,P
C3C021P0,展開ゼミナールａ,P
C3C021Q0,展開ゼミナールａ,P
C3C021R0,展開ゼミナールａ,P
C3C022A0,展開ゼミナールｂ,P
C3C022B0,展開ゼミナールｂ,P
C3C022C0,展開ゼミナールｂ,P
C3C022D0,展開ゼミナールｂ,P
C3C022E0,展開ゼミナールｂ,P
C3C022F0,展開ゼミナールｂ,P
C3C022G0,展開ゼミナールｂ,P
C3C022H0,展開ゼミナールｂ,P
C3C022I0,展開ゼミナールｂ,P
C3C022J0,展開ゼミナールｂ,P
C3C022K0,展開ゼミナールｂ,P
C3C022L0,展開ゼミナールｂ,P
C3C022M0,展開ゼミナールｂ,P
C3C022N0,展開ゼミナールｂ,P
C3C022P0,展開ゼミナールｂ,P
C3C022Q0,展開ゼミナールｂ,P
C3C022R0,展開ゼミナールｂ,P
C3C022S0,展開ゼミナールｂ,P
CYC001A0,基礎英語（前半）,P
CYC002A0,基礎英会話,P
CYC003A0,ＯＩＴ概論,P
CYC004A0,インターンシップ,P
CYC005A0,知的財産総合入門Ⅰ,P
CYC006A0,知的財産総合入門Ⅱ,P
CYC007A0,知的財産総合応用Ⅰ,P
CYC008A0,知的財産総合応用Ⅱ,P
CYC009A0,知的財産総合応用Ⅲ,P
2AA001A0,卒業研究,P
2AA001B0,卒業研究,P
2AA001C0,卒業研究,P
2AA001D0,卒業研究,P
2AA001E0,卒業研究,P
2AA001F0,卒業研究,P
2AA001H0,卒業研究,P
2AA001I0,卒業研究,P
2AA001J0,卒業研究,P
2AA001K0,卒業研究,P
2AA001L0,卒業研究,P
2AA001M0,卒業研究,P
2AA001N0,卒業研究,P
2AA001P0,卒業研究,P
2AA001Q0,卒業研究,P
2AA001R0,卒業研究,P
2AA001S0,卒業研究,P
2AA001T0,卒業研究,P
2AA001U0,卒業研究,P
2AA001V0,卒業研究,P
2AA001W0,卒業研究,P
2AA001X0,卒業研究,P
2AA001Y0,卒業研究,P
2AA002A0,達成度確認テスト,P
2AAA19A0,民法基礎ⅠA組,P
2AAA19C0,民法基礎ⅠB組,P
2AAA23A0,ブランド＆デザイン、ビジネス入門,P
2AAB02A0,特許法・実用新案法ⅠA組,P
2AAB02B0,特許法・実用新案法ⅠB組,P
2AAE02A0,研究基礎演習,P
2AAE02B0,研究基礎演習,P
2AAE02C0,研究基礎演習,P
2AAE02D0,研究基礎演習,P
2AAE02E0,研究基礎演習,P
2AAE02F0,研究基礎演習,P
2AAE02H0,研究基礎演習,P
2AAE02J0,研究基礎演習,P
2AAE02K0,研究基礎演習,P
2AAE02L0,研究基礎演習,P
2AAE02M0,研究基礎演習,P
2AAE02N0,研究基礎演習,P
2AAE02P0,研究基礎演習,P
2AAE02Q0,研究基礎演習,P
2AAE02R0,研究基礎演習,P
2AAE02S0,研究基礎演習,P
2AAE02T0,研究基礎演習,P
2AAE02U0,研究基礎演習,P
2AAE02V0,研究基礎演習,P
2AAE02W0,研究基礎演習,P
2AAE02X0,研究基礎演習,P
2AAE02Y0,研究基礎演習,P
2AAE03A0,卒業研究,P
2AAE03B0,卒業研究,P
2AAE03C0,卒業研究,P
2AAE03D0,卒業研究,P
2AAE03E0,卒業研究,P
2AAE03F0,卒業研究,P
2AAE03H0,卒業研究,P
2AAE03I0,卒業研究,P
2AAE03J0,卒業研究,P
2AAE03K0,卒業研究,P
2AAE03L0,卒業研究,P
2AAE03M0,卒業研究,P
2AAE03N0,卒業研究,P
2AAE03P0,卒業研究,P
2AAE03Q0,卒業研究,P
2AAE03R0,卒業研究,P
2AAE03S0,卒業研究,P
2AAE03T0,卒業研究,P
2AAE03U0,卒業研究,P
2AAE03V0,卒業研究,P
2AAE03W0,卒業研究,P
2AAE03X0,卒業研究,P
2AAE03Y0,卒業研究,P
2ACA01A0,産業社会と知的財産,P
2ACA02A0,法学入門,P
2ACA05A0,民事訴訟法,P
2ACA06A0,憲法Ⅰ,P
2ACA07A0,憲法Ⅱ,P
2ACA08A0,行政法Ⅰ,P
2ACA09A0,行政法Ⅱ,P
2ACA10A0,国際関係法,P
2ACA11A0,刑法,P
2ACA12A0,企業法務概論,P
2ACA13A0,独占禁止法,P
2ACA14A0,経済学入門,P
2ACA15A0,企業経済学Ⅰ,P
2ACA16A0,企業経済学Ⅱ,P
2ACA17A0,会計学,P
2ACA18A0,データリテラシー,P
2ACA20A0,民法基礎Ⅱ,P
2ACA21A0,民法応用Ⅰ,P
2ACA22A0,民法応用Ⅱ,P
2ACB01A0,知的財産法入門,P
2ACB03A0,特許法・実用新案法Ⅱ,P
2ACB04A0,特許法・実用新案法Ⅲ,P
2ACB05A0,著作権法,P
2ACB06A0,商標法,P
2ACB07B0,国際知的財産法,P
2ACB08A0,意匠法,P
2ACB09A0,不正競争防止法,P
2ACB10A0,著作権法入門,P
2ACD05A0,特許意匠探求,P
2ACD06A0,コンテンツ知的財産探求,P
2ACD08A0,国際知的財産探求,P
2ACD09A0,知的財産経営探求,P
2ACD11A0,ブランド＆デザイン知的財産探求,P
2ACF01A0,大阪技術学,P
2ACF02A0,現代技術と産業,P
2ACF03A0,現代機械技術概論,P
2ACF04A0,現代化学概論,P
2ACF05A0,エレクトロニクス概論,P
2ACF06A0,バイオテクノロジー概論,P
2ACF07A0,知財情報分析,P
2ACF08A0,工業デザインと知的財産,P
2ACF09A0,現代技術と特許,P
2ACF10A0,海外の知的財産制度概論,P
2ACF11A0,特許手続,P
2ACF12A0,マーケティングとブランド,P
2ACF13A0,ブランドマネジメント,P
2ACF14A0,デザインマネジメント,P
2ACF15A0,コンテンツマネジメント,P
2ACF16A0,ベンチャービジネス論,P
2ACF17A0,イノベーションと企業戦略,P
2ACF18A0,経営戦略論,P
2ACF19A0,知的財産専門Ⅰ,P
2ACF20A0,知的財産専門Ⅱ,P
2ACF21A0,情報技術と特許,P
2ACD12A0,著作権ビジネス探求,P
A0C001A0,世界と人間＜Ｃ科＞,Q
A0C001B0,世界と人間＜Ａ科＞,Q
A0C001C0,世界と人間＜Ｍ科＞,Q
A0C001D0,世界と人間＜Ｅ科＞,Q
A0C001F0,世界と人間＜Ｄ科＞,Q
A0C001G0,世界と人間＜Ｋ科＞,Q
A0C001H0,世界と人間＜Ｖ科＞,Q
A0C001J0,世界と人間＜Ｕ科＞,Q
A0C002A0,文章表現基礎＜Ｃ科＞,Q
A0C002B0,文章表現基礎イ組＜Ａ科＞,Q
A0C002B1,文章表現基礎ロ組＜Ａ科＞,Q
A0C002C0,文章表現基礎イ組＜Ｍ科＞,Q
A0C002C1,文章表現基礎ロ組＜Ｍ科＞,Q
A0C002D0,文章表現基礎イ組＜Ｅ科＞,Q
A0C002D1,文章表現基礎ロ組＜Ｅ科＞,Q
A0C002F0,文章表現基礎＜Ｄ科＞,Q
A0C002G0,文章表現基礎イ組＜Ｋ科＞,Q
A0C002G1,文章表現基礎ロ組＜Ｋ科＞,Q
A0C002H0,文章表現基礎＜Ｖ科＞,Q
A0C002J0,文章表現基礎＜Ｕ科＞,Q
A0C0031A,哲学,Q
A0C0031B,哲学,Q
A0C0031C,哲学,Q
A0C0031D,哲学,Q
A0C0031F,哲学,Q
A0C0031G,哲学,Q
A0C0031K,哲学,Q
A0C0031L,哲学,Q
A0C0041A,倫理学,Q
A0C0041B,倫理学,Q
A0C0041C,倫理学,Q
A0C0041D,倫理学,Q
A0C0041F,倫理学,Q
A0C0041G,倫理学,Q
A0C0041H,倫理学,Q
A0C0051A,美術史,Q
A0C0051B,美術史,Q
A0C0051C,美術史,Q
A0C0051D,美術史,Q
A0C0051F,美術史,Q
A0C0051G,美術史,Q
A0C0051H,美術史,Q
A0C0051J,美術史,Q
A0C0061A,文学,Q
A0C0061B,文学,Q
A0C0061C,文学,Q
A0C0061D,文学,Q
A0C0081A,日本語の歴史,Q
A0C0081B,日本語の歴史,Q
A0C0081D,日本語の歴史,Q
A0C0081F,日本語の歴史,Q
A0C0091A,法学（日本国憲法）,Q
A0C0091B,法学（日本国憲法）,Q
A0C0091C,法学（日本国憲法）,Q
A0C0091F,法学（日本国憲法）,Q
A0C0091G,法学（日本国憲法）,Q
A0C0091H,法学（日本国憲法）,Q
A0C0091J,法学（日本国憲法）,Q
A0C0091K,法学（日本国憲法）,Q
A0C0101A,経済学,Q
A0C0101B,経済学,Q
A0C0101F,経済学,Q
A0C0101G,経済学,Q
A0C0101H,経済学,Q
A0C0101J,経済学,Q
A0C0101K,経済学,Q
A0C0101L,経済学,Q
A0C0111A,歴史学,Q
A0C0111B,歴史学,Q
A0C0111C,歴史学,Q
A0C0111D,歴史学,Q
A0C0111F,歴史学,Q
A0C0111G,歴史学,Q
A0C0111H,歴史学,Q
A0C0111J,歴史学,Q
A0C0121A,心理学,Q
A0C0121B,心理学,Q
A0C0121C,心理学,Q
A0C0121D,心理学,Q
A0C0121F,心理学,Q
A0C0121G,心理学,Q
A0C0121K,心理学,Q
A0C0121L,心理学,Q
A0C0131B,日本の伝統と文化,Q
A0C0141A,国際関係論,Q
A0C0141B,国際関係論,Q
A0C0151A,日本の文化と社会Ⅰ,Q
A0C0161A,日本の文化と社会Ⅱ,Q
A1C001A0,ベーシック・イングリッシュａ1組＜Ｃ科＞,Q
A1C001A1,ベーシック・イングリッシュａ2組＜Ｃ科＞,Q
A1C001A2,ベーシック・イングリッシュａ3組＜Ｃ科＞,Q
A1C001B0,ベーシック・イングリッシュａA1組＜Ａ科＞,Q
A1C001B1,ベーシック・イングリッシュａA2組＜Ａ科＞,Q
A1C001B2,ベーシック・イングリッシュａB1組＜Ａ科＞,Q
A1C001B3,ベーシック・イングリッシュａB2組＜Ａ科＞,Q
A1C001C0,ベーシック・イングリッシュａA1組＜Ｍ科＞,Q
A1C001C1,ベーシック・イングリッシュａA2組＜Ｍ科＞,Q
A1C001C2,ベーシック・イングリッシュａB1組＜Ｍ科＞,Q
A1C001C3,ベーシック・イングリッシュａB2組＜Ｍ科＞,Q
A1C001D0,ベーシック・イングリッシュａ1組＜Ｅ科＞,Q
A1C001D1,ベーシック・イングリッシュａ2組＜Ｅ科＞,Q
A1C001D2,ベーシック・イングリッシュａ3組＜Ｅ科＞,Q
A1C001F0,ベーシック・イングリッシュａ1組＜Ｄ科＞,Q
A1C001F1,ベーシック・イングリッシュａ2組＜Ｄ科＞,Q
A1C001F2,ベーシック・イングリッシュａ3組＜Ｄ科＞,Q
A1C001G0,ベーシック・イングリッシュａA1組＜Ｋ科＞,Q
A1C001G1,ベーシック・イングリッシュａA2組＜Ｋ科＞,Q
A1C001G2,ベーシック・イングリッシュａB1組＜Ｋ科＞,Q
A1C001G3,ベーシック・イングリッシュａB2組＜Ｋ科＞,Q
A1C001H0,ベーシック・イングリッシュａイ組＜Ｖ科＞,Q
A1C001H1,ベーシック・イングリッシュａロ組＜Ｖ科＞,Q
A1C001J0,ベーシック・イングリッシュａイ組＜Ｕ科＞,Q
A1C001J1,ベーシック・イングリッシュａロ組＜Ｕ科＞,Q
A1C002A0,ベーシック・イングリッシュｂ1組＜Ｃ科＞,Q
A1C002A1,ベーシック・イングリッシュｂ2組＜Ｃ科＞,Q
A1C002A2,ベーシック・イングリッシュｂ3組＜Ｃ科＞,Q
A1C002B0,ベーシック・イングリッシュｂA1組＜Ａ科＞,Q
A1C002B1,ベーシック・イングリッシュｂA2組＜Ａ科＞,Q
A1C002B2,ベーシック・イングリッシュｂB1組＜Ａ科＞,Q
A1C002B3,ベーシック・イングリッシュｂB2組＜Ａ科＞,Q
A1C002C0,ベーシック・イングリッシュｂA1組＜Ｍ科＞,Q
A1C002C1,ベーシック・イングリッシュｂA2組＜Ｍ科＞,Q
A1C002C2,ベーシック・イングリッシュｂB1組＜Ｍ科＞,Q
A1C002C3,ベーシック・イングリッシュｂB2組＜Ｍ科＞,Q
A1C002D0,ベーシック・イングリッシュｂ1組＜Ｅ科＞,Q
A1C002D1,ベーシック・イングリッシュｂ2組＜Ｅ科＞,Q
A1C002D2,ベーシック・イングリッシュｂ3組＜Ｅ科＞,Q
A1C002F0,ベーシック・イングリッシュｂ1組＜Ｄ科＞,Q
A1C002F1,ベーシック・イングリッシュｂ2組＜Ｄ科＞,Q
A1C002F2,ベーシック・イングリッシュｂ3組＜Ｄ科＞,Q
A1C002G0,ベーシック・イングリッシュｂA1組＜Ｋ科＞,Q
A1C002G1,ベーシック・イングリッシュｂA2組＜Ｋ科＞,Q
A1C002G2,ベーシック・イングリッシュｂB1組＜Ｋ科＞,Q
A1C002G3,ベーシック・イングリッシュｂB2組＜Ｋ科＞,Q
A1C002H0,ベーシック・イングリッシュｂイ組＜Ｖ科＞,Q
A1C002H1,ベーシック・イングリッシュｂロ組＜Ｖ科＞,Q
A1C002J0,ベーシック・イングリッシュｂイ組＜Ｕ科＞,Q
A1C002J1,ベーシック・イングリッシュｂロ組＜Ｕ科＞,Q
A1C003A0,オーラル・コミュニケーションⅠａ1組＜Ｃ科＞,Q
A1C003A1,オーラル・コミュニケーションⅠａ2組＜Ｃ科＞,Q
A1C003A2,オーラル・コミュニケーションⅠａ3組＜Ｃ科＞,Q
A1C003B0,オーラル・コミュニケーションⅠａA1組＜Ａ科＞,Q
A1C003B1,オーラル・コミュニケーションⅠａA2組＜Ａ科＞,Q
A1C003B2,オーラル・コミュニケーションⅠａB1組＜Ａ科＞,Q
A1C003B3,オーラル・コミュニケーションⅠａB2組＜Ａ科＞,Q
A1C003C0,オーラル・コミュニケーションⅠａA1組＜Ｍ科＞,Q
A1C003C1,オーラル・コミュニケーションⅠａA2組＜Ｍ科＞,Q
A1C003C2,オーラル・コミュニケーションⅠａB1組＜Ｍ科＞,Q
A1C003C3,オーラル・コミュニケーションⅠａB2組＜Ｍ科＞,Q
A1C003D0,オーラル・コミュニケーションⅠａ1組＜Ｅ科＞,Q
A1C003D1,オーラル・コミュニケーションⅠａ2組＜Ｅ科＞,Q
A1C003D2,オーラル・コミュニケーションⅠａ3組＜Ｅ科＞,Q
A1C003F0,オーラル・コミュニケーションⅠａ1組＜Ｄ科＞,Q
A1C003F1,オーラル・コミュニケーションⅠａ2組＜Ｄ科＞,Q
A1C003F2,オーラル・コミュニケーションⅠａ3組＜Ｄ科＞,Q
A1C003G0,オーラル・コミュニケーションⅠａA1組＜Ｋ科＞,Q
A1C003G1,オーラル・コミュニケーションⅠａA2組＜Ｋ科＞,Q
A1C003G2,オーラル・コミュニケーションⅠａB1組＜Ｋ科＞,Q
A1C003G3,オーラル・コミュニケーションⅠａB2組＜Ｋ科＞,Q
A1C003H0,オーラル・コミュニケーションⅠａイ組＜Ｖ科＞,Q
A1C003H1,オーラル・コミュニケーションⅠａロ組＜Ｖ科＞,Q
A1C003J0,オーラル・コミュニケーションⅠａイ組＜Ｕ科＞,Q
A1C003J1,オーラル・コミュニケーションⅠａロ組＜Ｕ科＞,Q
A1C004A0,オーラル・コミュニケーションⅠｂ1組＜Ｃ科＞,Q
A1C004A1,オーラル・コミュニケーションⅠｂ2組＜Ｃ科＞,Q
A1C004A2,オーラル・コミュニケーションⅠｂ3組＜Ｃ科＞,Q
A1C004B0,オーラル・コミュニケーションⅠｂA1組＜Ａ科＞,Q
A1C004B1,オーラル・コミュニケーションⅠｂA2組＜Ａ科＞,Q
A1C004B2,オーラル・コミュニケーションⅠｂB1組＜Ａ科＞,Q
A1C004B3,オーラル・コミュニケーションⅠｂB2組＜Ａ科＞,Q
A1C004C0,オーラル・コミュニケーションⅠｂA1組＜Ｍ科＞,Q
A1C004C1,オーラル・コミュニケーションⅠｂA2組＜Ｍ科＞,Q
A1C004C2,オーラル・コミュニケーションⅠｂB1組＜Ｍ科＞,Q
A1C004C3,オーラル・コミュニケーションⅠｂB2組＜Ｍ科＞,Q
A1C004D0,オーラル・コミュニケーションⅠｂ1組＜Ｅ科＞,Q
A1C004D1,オーラル・コミュニケーションⅠｂ2組＜Ｅ科＞,Q
A1C004D2,オーラル・コミュニケーションⅠｂ3組＜Ｅ科＞,Q
A1C004F0,オーラル・コミュニケーションⅠｂ1組＜Ｄ科＞,Q
A1C004F1,オーラル・コミュニケーションⅠｂ2組＜Ｄ科＞,Q
A1C004F2,オーラル・コミュニケーションⅠｂ3組＜Ｄ科＞,Q
A1C004G0,オーラル・コミュニケーションⅠｂA1組＜Ｋ科＞,Q
A1C004G1,オーラル・コミュニケーションⅠｂA2組＜Ｋ科＞,Q
A1C004G2,オーラル・コミュニケーションⅠｂB1組＜Ｋ科＞,Q
A1C004G3,オーラル・コミュニケーションⅠｂB2組＜Ｋ科＞,Q
A1C004H0,オーラル・コミュニケーションⅠｂイ組＜Ｖ科＞,Q
A1C004H1,オーラル・コミュニケーションⅠｂロ組＜Ｖ科＞,Q
A1C004J0,オーラル・コミュニケーションⅠｂイ組＜Ｕ科＞,Q
A1C004J1,オーラル・コミュニケーションⅠｂロ組＜Ｕ科＞,Q
A1C0051A,オーラル・コミュニケーションⅡａ,Q
A1C0061A,オーラル・コミュニケーションⅡｂ,Q
A1C007A0,工学コミュニケーション英語基礎ａA組＜Ｃ科＞,Q
A1C007A1,工学コミュニケーション英語基礎ａB組＜Ｃ科＞,Q
A1C007A2,工学コミュニケーション英語基礎ａC組＜Ｃ科＞,Q
A1C007B0,工学コミュニケーション英語基礎ａA組＜Ａ科＞,Q
A1C007B1,工学コミュニケーション英語基礎ａB組＜Ａ科＞,Q
A1C007B2,工学コミュニケーション英語基礎ａC組＜Ａ科＞,Q
A1C007B3,工学コミュニケーション英語基礎ａD組＜Ａ科＞,Q
A1C007C0,工学コミュニケーション英語基礎ａA組＜Ｍ科＞,Q
A1C007C1,工学コミュニケーション英語基礎ａB組＜Ｍ科＞,Q
A1C007C2,工学コミュニケーション英語基礎ａC組＜Ｍ科＞,Q
A1C007C3,工学コミュニケーション英語基礎ａD組＜Ｍ科＞,Q
A1C007D0,工学コミュニケーション英語基礎ａA組＜Ｅ科＞,Q
A1C007D1,工学コミュニケーション英語基礎ａB組＜Ｅ科＞,Q
A1C007D2,工学コミュニケーション英語基礎ａC組＜Ｅ科＞,Q
A1C007F0,工学コミュニケーション英語基礎ａA組＜Ｄ科＞,Q
A1C007F1,工学コミュニケーション英語基礎ａB組＜Ｄ科＞,Q
A1C007F2,工学コミュニケーション英語基礎ａC組＜Ｄ科＞,Q
A1C007G0,工学コミュニケーション英語基礎ａA組＜Ｋ科＞,Q
A1C007G1,工学コミュニケーション英語基礎ａB組＜Ｋ科＞,Q
A1C007G2,工学コミュニケーション英語基礎ａC組＜Ｋ科＞,Q
A1C007G3,工学コミュニケーション英語基礎ａD組＜Ｋ科＞,Q
A1C007H0,工学コミュニケーション英語基礎ａA組＜Ｖ科＞,Q
A1C007H1,工学コミュニケーション英語基礎ａB組＜Ｖ科＞,Q
A1C007J0,工学コミュニケーション英語基礎ａA組＜Ｕ科＞,Q
A1C007J1,工学コミュニケーション英語基礎ａB組＜Ｕ科＞,Q
A1C008A0,工学コミュニケーション英語基礎ｂA組＜Ｃ科＞,Q
A1C008A1,工学コミュニケーション英語基礎ｂB組＜Ｃ科＞,Q
A1C008A2,工学コミュニケーション英語基礎ｂC組＜Ｃ科＞,Q
A1C008B0,工学コミュニケーション英語基礎ｂA組＜Ａ科＞,Q
A1C008B1,工学コミュニケーション英語基礎ｂB組＜Ａ科＞,Q
A1C008B2,工学コミュニケーション英語基礎ｂC組＜Ａ科＞,Q
A1C008B3,工学コミュニケーション英語基礎ｂD組＜Ａ科＞,Q
A1C008C0,工学コミュニケーション英語基礎ｂA組＜Ｍ科＞,Q
A1C008C1,工学コミュニケーション英語基礎ｂB組＜Ｍ科＞,Q
A1C008C2,工学コミュニケーション英語基礎ｂC組＜Ｍ科＞,Q
A1C008C3,工学コミュニケーション英語基礎ｂD組＜Ｍ科＞,Q
A1C008D0,工学コミュニケーション英語基礎ｂA組＜Ｅ科＞,Q
A1C008D1,工学コミュニケーション英語基礎ｂB組＜Ｅ科＞,Q
A1C008D2,工学コミュニケーション英語基礎ｂC組＜Ｅ科＞,Q
A1C008F0,工学コミュニケーション英語基礎ｂA組＜Ｄ科＞,Q
A1C008F1,工学コミュニケーション英語基礎ｂB組＜Ｄ科＞,Q
A1C008F2,工学コミュニケーション英語基礎ｂC組＜Ｄ科＞,Q
A1C008G0,工学コミュニケーション英語基礎ｂA組＜Ｋ科＞,Q
A1C008G1,工学コミュニケーション英語基礎ｂB組＜Ｋ科＞,Q
A1C008G2,工学コミュニケーション英語基礎ｂC組＜Ｋ科＞,Q
A1C008G3,工学コミュニケーション英語基礎ｂD組＜Ｋ科＞,Q
A1C008H0,工学コミュニケーション英語基礎ｂA組＜Ｖ科＞,Q
A1C008H1,工学コミュニケーション英語基礎ｂB組＜Ｖ科＞,Q
A1C008J0,工学コミュニケーション英語基礎ｂA組＜Ｕ科＞,Q
A1C008J1,工学コミュニケーション英語基礎ｂB組＜Ｕ科＞,Q
A1C009A0,キャリア・イングリッシュⅠａA組＜Ｃ科＞,Q
A1C009A1,キャリア・イングリッシュⅠａB組＜Ｃ科＞,Q
A1C009A2,キャリア・イングリッシュⅠａC組＜Ｃ科＞,Q
A1C009B0,キャリア・イングリッシュⅠａA組＜Ａ科＞,Q
A1C009B1,キャリア・イングリッシュⅠａB組＜Ａ科＞,Q
A1C009B2,キャリア・イングリッシュⅠａC組＜Ａ科＞,Q
A1C009B3,キャリア・イングリッシュⅠａD組＜Ａ科＞,Q
A1C009C0,キャリア・イングリッシュⅠａA組＜Ｍ科＞,Q
A1C009C1,キャリア・イングリッシュⅠａB組＜Ｍ科＞,Q
A1C009C2,キャリア・イングリッシュⅠａC組＜Ｍ科＞,Q
A1C009C3,キャリア・イングリッシュⅠａD組＜Ｍ科＞,Q
A1C009D0,キャリア・イングリッシュⅠａA組＜Ｅ科＞,Q
A1C009D1,キャリア・イングリッシュⅠａB組＜Ｅ科＞,Q
A1C009D2,キャリア・イングリッシュⅠａC組＜Ｅ科＞,Q
A1C009F0,キャリア・イングリッシュⅠａA組＜Ｄ科＞,Q
A1C009F1,キャリア・イングリッシュⅠａB組＜Ｄ科＞,Q
A1C009F2,キャリア・イングリッシュⅠａC組＜Ｄ科＞,Q
A1C009G0,キャリア・イングリッシュⅠａA組＜Ｋ科＞,Q
A1C009G1,キャリア・イングリッシュⅠａB組＜Ｋ科＞,Q
A1C009G2,キャリア・イングリッシュⅠａC組＜Ｋ科＞,Q
A1C009G3,キャリア・イングリッシュⅠａD組＜Ｋ科＞,Q
A1C009H0,キャリア・イングリッシュⅠａA組＜Ｖ科＞,Q
A1C009H1,キャリア・イングリッシュⅠａB組＜Ｖ科＞,Q
A1C009J0,キャリア・イングリッシュⅠａA組＜Ｕ科＞,Q
A1C009J1,キャリア・イングリッシュⅠａB組＜Ｕ科＞,Q
A1C010A0,キャリア・イングリッシュⅠｂA組＜Ｃ科＞,Q
A1C010A1,キャリア・イングリッシュⅠｂB組＜Ｃ科＞,Q
A1C010A2,キャリア・イングリッシュⅠｂC組＜Ｃ科＞,Q
A1C010B0,キャリア・イングリッシュⅠｂA組＜Ａ科＞,Q
A1C010B1,キャリア・イングリッシュⅠｂB組＜Ａ科＞,Q
A1C010B2,キャリア・イングリッシュⅠｂC組＜Ａ科＞,Q
A1C010B3,キャリア・イングリッシュⅠｂD組＜Ａ科＞,Q
A1C010C0,キャリア・イングリッシュⅠｂA組＜Ｍ科＞,Q
A1C010C1,キャリア・イングリッシュⅠｂB組＜Ｍ科＞,Q
A1C010C2,キャリア・イングリッシュⅠｂC組＜Ｍ科＞,Q
A1C010C3,キャリア・イングリッシュⅠｂD組＜Ｍ科＞,Q
A1C010D0,キャリア・イングリッシュⅠｂA組＜Ｅ科＞,Q
A1C010D1,キャリア・イングリッシュⅠｂB組＜Ｅ科＞,Q
A1C010D2,キャリア・イングリッシュⅠｂC組＜Ｅ科＞,Q
A1C010F0,キャリア・イングリッシュⅠｂA組＜Ｄ科＞,Q
A1C010F1,キャリア・イングリッシュⅠｂB組＜Ｄ科＞,Q
A1C010F2,キャリア・イングリッシュⅠｂC組＜Ｄ科＞,Q
A1C010G0,キャリア・イングリッシュⅠｂA組＜Ｋ科＞,Q
A1C010G1,キャリア・イングリッシュⅠｂB組＜Ｋ科＞,Q
A1C010G2,キャリア・イングリッシュⅠｂC組＜Ｋ科＞,Q
A1C010G3,キャリア・イングリッシュⅠｂD組＜Ｋ科＞,Q
A1C010H0,キャリア・イングリッシュⅠｂA組＜Ｖ科＞,Q
A1C010H1,キャリア・イングリッシュⅠｂB組＜Ｖ科＞,Q
A1C010J0,キャリア・イングリッシュⅠｂA組＜Ｕ科＞,Q
A1C010J1,キャリア・イングリッシュⅠｂB組＜Ｕ科＞,Q
A1C0111A,キャリア・イングリッシュⅡａ,Q
A1C0111C,キャリア・イングリッシュⅡａ,Q
A1C0121A,キャリア・イングリッシュⅡｂ,Q
A1C0121C,キャリア・イングリッシュⅡｂ,Q
A1C0131A,英語プレゼンテーションａ,Q
A1C0141A,英語プレゼンテーションｂ,Q
A1C0151A,中国語コミュニケーション,Q
A1C0151C,中国語コミュニケーション,Q
A1C0151B,中国語コミュニケーション,Q
A1C0151D,中国語コミュニケーション,Q
A1C0161B,中国語と現代中国事情,Q
A1C0161C,中国語と現代中国事情,Q
A1C0161A,中国語と現代中国事情,Q
A1C0161D,中国語と現代中国事情,Q
A1C0171A,海外語学研修【春期】,Q
A1C0171B,海外語学研修【夏期】,Q
A1C0181A,日本語Ⅰ,Q
A1C0191A,日本語Ⅱ,Q
A2C0011A,健康体育Ⅰ（アダプテッドコース）,Q
A2C001A0,健康体育Ⅰ＜Ｃ科＞,Q
A2C001B0,健康体育Ⅰ＜Ａ科＞,Q
A2C001C0,健康体育Ⅰ＜Ｍ科＞,Q
A2C001D0,健康体育Ⅰ＜Ｅ科＞,Q
A2C001F0,健康体育Ⅰ＜Ｄ科＞,Q
A2C001G0,健康体育Ⅰ＜Ｋ科＞,Q
A2C001H0,健康体育Ⅰ＜Ｖ・Ｕ科＞,Q
A2C0021A,健康体育Ⅱ（アダプテッドコース）,Q
A2C002A0,健康体育Ⅱ＜Ｃ科＞,Q
A2C002B0,健康体育Ⅱ＜Ａ科＞,Q
A2C002C0,健康体育Ⅱ＜Ｍ科＞,Q
A2C002D0,健康体育Ⅱ＜Ｅ科＞,Q
A2C002F0,健康体育Ⅱ＜Ｄ科＞,Q
A2C002G0,健康体育Ⅱ＜Ｋ科＞,Q
A2C002H0,健康体育Ⅱ＜Ｖ・Ｕ科＞,Q
A2C0031A,生涯スポーツⅠ（バスケットボール）,Q
A2C0031B,生涯スポーツⅠ（バドミントン）,Q
A2C0031C,生涯スポーツⅠ（バドミントン）,Q
A2C0031D,生涯スポーツⅠ（卓球）,Q
A2C0031F,生涯スポーツⅠ（テニス）,Q
A2C0041A,生涯スポーツⅡ（卓球）,Q
A2C0041B,生涯スポーツⅡ（サッカー）,Q
A2C0041C,生涯スポーツⅡ（バドミントン）,Q
A2C0041D,生涯スポーツⅡ（バスケットボール）,Q
A2C0041F,生涯スポーツⅡ（テニス）,Q
A3C001A0,解析学Ⅰ（デザイン系）イ組＜Ｃ科＞,Q
A3C001A1,解析学Ⅰ（デザイン系）ロ組＜Ｃ科＞,Q
A3C001B0,解析学Ⅰ（デザイン系）1組＜Ａ科＞,Q
A3C001B1,解析学Ⅰ（デザイン系）2組＜Ａ科＞,Q
A3C001B2,解析学Ⅰ（デザイン系）3組＜Ａ科＞,Q
A3C001G0,解析学Ⅰ（サイエンス系）イ組＜Ｋ科＞,Q
A3C001G1,解析学Ⅰ（サイエンス系）ロ組＜Ｋ科＞,Q
A3C001H0,解析学Ⅰ（サイエンス系）＜Ｖ科＞,Q
A3C001J0,解析学Ⅰ（サイエンス系）＜Ｕ科＞,Q
A3C002A0,解析学Ⅰ演習（デザイン系）イ組＜Ｃ科＞,Q
A3C002A1,解析学Ⅰ演習（デザイン系）ロ組＜Ｃ科＞,Q
A3C002B0,解析学Ⅰ演習（デザイン系）1組＜Ａ科＞,Q
A3C002B1,解析学Ⅰ演習（デザイン系）2組＜Ａ科＞,Q
A3C002B2,解析学Ⅰ演習（デザイン系）3組＜Ａ科＞,Q
A3C002C0,解析学Ⅰ演習（エンジニアリング系）1組＜Ｍ科＞,Q
A3C002C1,解析学Ⅰ演習（エンジニアリング系）2組＜Ｍ科＞,Q
A3C002C2,解析学Ⅰ演習（エンジニアリング系）3組＜Ｍ科＞,Q
A3C002D0,解析学Ⅰ演習（エンジニアリング系）イ組＜Ｅ科＞,Q
A3C002D1,解析学Ⅰ演習（エンジニアリング系）ロ組＜Ｅ科＞,Q
A3C002F0,解析学Ⅰ演習（エンジニアリング系）イ組＜Ｄ科＞,Q
A3C002F1,解析学Ⅰ演習（エンジニアリング系）ロ組＜Ｄ科＞,Q
A3C002G0,解析学Ⅰ演習（サイエンス系）イ組＜Ｋ科＞,Q
A3C002G1,解析学Ⅰ演習（サイエンス系）ロ組＜Ｋ科＞,Q
A3C002H0,解析学Ⅰ演習（サイエンス系）1組＜Ｖ・Ｕ科＞,Q
A3C002H1,解析学Ⅰ演習（サイエンス系）2組＜Ｖ・Ｕ科＞,Q
A3C002H2,解析学Ⅰ演習（サイエンス系）3組＜Ｖ・Ｕ科＞,Q
A3C003A0,解析学Ⅱ（デザイン系）イ組＜Ｃ科＞,Q
A3C003A1,解析学Ⅱ（デザイン系）ロ組＜Ｃ科＞,Q
A3C003B0,解析学Ⅱ（デザイン系）1組＜Ａ科＞,Q
A3C003B1,解析学Ⅱ（デザイン系）2組＜Ａ科＞,Q
A3C003B2,解析学Ⅱ（デザイン系）3組＜Ａ科＞,Q
A3C003C0,解析学Ⅱ（エンジニアリング系）1組＜Ｍ科＞,Q
A3C003C1,解析学Ⅱ（エンジニアリング系）2組＜Ｍ科＞,Q
A3C003C2,解析学Ⅱ（エンジニアリング系）3組＜Ｍ科＞,Q
A3C003D0,解析学Ⅱ（エンジニアリング系）イ組＜Ｅ科＞,Q
A3C003D1,解析学Ⅱ（エンジニアリング系）ロ組＜Ｅ科＞,Q
A3C003F0,解析学Ⅱ（エンジニアリング系）イ組＜Ｄ科＞,Q
A3C003F1,解析学Ⅱ（エンジニアリング系）ロ組＜Ｄ科＞,Q
A3C003G0,解析学Ⅱ（サイエンス系）イ組＜Ｋ科＞,Q
A3C003G1,解析学Ⅱ（サイエンス系）ロ組＜Ｋ科＞,Q
A3C003H0,解析学Ⅱ（サイエンス系）＜Ｖ科＞,Q
A3C003J0,解析学Ⅱ（サイエンス系）＜Ｕ科＞,Q
A3C004A0,解析学Ⅱ演習（デザイン系）イ組＜Ｃ科＞,Q
A3C004A1,解析学Ⅱ演習（デザイン系）ロ組＜Ｃ科＞,Q
A3C004B0,解析学Ⅱ演習（デザイン系）1組＜Ａ科＞,Q
A3C004B1,解析学Ⅱ演習（デザイン系）2組＜Ａ科＞,Q
A3C004B2,解析学Ⅱ演習（デザイン系）3組＜Ａ科＞,Q
A3C004C0,解析学Ⅱ演習（エンジニアリング系）1組＜Ｍ科＞,Q
A3C004C1,解析学Ⅱ演習（エンジニアリング系）2組＜Ｍ科＞,Q
A3C004C2,解析学Ⅱ演習（エンジニアリング系）3組＜Ｍ科＞,Q
A3C004D0,解析学Ⅱ演習（エンジニアリング系）イ組＜Ｅ科＞,Q
A3C004D1,解析学Ⅱ演習（エンジニアリング系）ロ組＜Ｅ科＞,Q
A3C004F0,解析学Ⅱ演習（エンジニアリング系）イ組＜Ｄ科＞,Q
A3C004F1,解析学Ⅱ演習（エンジニアリング系）ロ組＜Ｄ科＞,Q
A3C004G0,解析学Ⅱ演習（サイエンス系）イ組＜Ｋ科＞,Q
A3C004G1,解析学Ⅱ演習（サイエンス系）ロ組＜Ｋ科＞,Q
A3C004H0,解析学Ⅱ演習（サイエンス系）＜Ｖ科＞,Q
A3C004J0,解析学Ⅱ演習（サイエンス系）＜Ｕ科＞,Q
A3C0051A,解析学Ⅲ（デザイン系・サイエンス系）,Q
A3C005B0,解析学Ⅲ（デザイン系）＜Ａ科＞,Q
A3C005C0,解析学Ⅲ（エンジニアリング系）1組＜Ｍ科＞,Q
A3C005C1,解析学Ⅲ（エンジニアリング系）2組＜Ｍ科＞,Q
A3C005C2,解析学Ⅲ（エンジニアリング系）3組＜Ｍ科＞,Q
A3C005D0,解析学Ⅲ（エンジニアリング系）イ組＜Ｅ科＞,Q
A3C005D1,解析学Ⅲ（エンジニアリング系）ロ組＜Ｅ科＞,Q
A3C005F0,解析学Ⅲ（エンジニアリング系）イ組＜Ｄ科＞,Q
A3C005F1,解析学Ⅲ（エンジニアリング系）ロ組＜Ｄ科＞,Q
A3C0061A,解析学Ⅲ演習（デザイン系・サイエンス系）,Q
A3C006B0,解析学Ⅲ演習（デザイン系）＜Ａ科＞,Q
A3C006C0,解析学Ⅲ演習（エンジニアリング系）1組＜Ｍ科＞,Q
A3C006C1,解析学Ⅲ演習（エンジニアリング系）2組＜Ｍ科＞,Q
A3C006C2,解析学Ⅲ演習（エンジニアリング系）3組＜Ｍ科＞,Q
A3C006D0,解析学Ⅲ演習（エンジニアリング系）イ組＜Ｅ科＞,Q
A3C006D1,解析学Ⅲ演習（エンジニアリング系）ロ組＜Ｅ科＞,Q
A3C006F0,解析学Ⅲ演習（エンジニアリング系）イ組＜Ｄ科＞,Q
A3C006F1,解析学Ⅲ演習（エンジニアリング系）ロ組＜Ｄ科＞,Q
A3C007A0,線形代数学Ⅰイ組＜Ｃ科＞,Q
A3C007A1,線形代数学Ⅰロ組＜Ｃ科＞,Q
A3C007B0,線形代数学Ⅰ1組＜Ａ科＞,Q
A3C007B1,線形代数学Ⅰ2組＜Ａ科＞,Q
A3C007B2,線形代数学Ⅰ3組＜Ａ科＞,Q
A3C007C0,線形代数学Ⅰ1組＜Ｍ科＞,Q
A3C007C1,線形代数学Ⅰ2組＜Ｍ科＞,Q
A3C007C2,線形代数学Ⅰ3組＜Ｍ科＞,Q
A3C007D0,線形代数学Ⅰイ組＜Ｅ科＞,Q
A3C007D1,線形代数学Ⅰロ組＜Ｅ科＞,Q
A3C007F0,線形代数学Ⅰイ組＜Ｄ科＞,Q
A3C007F1,線形代数学Ⅰロ組＜Ｄ科＞,Q
A3C007G0,線形代数学Ⅰイ組＜Ｋ科＞,Q
A3C007G1,線形代数学Ⅰロ組＜Ｋ科＞,Q
A3C007H0,線形代数学Ⅰ＜Ｖ科＞,Q
A3C007J0,線形代数学Ⅰ＜Ｕ科＞,Q
A3C0081A,線形代数学Ⅱイ組,Q
A3C0081B,線形代数学Ⅱロ組,Q
A3C008A0,線形代数学Ⅱイ組＜Ｃ科＞,Q
A3C008A1,線形代数学Ⅱロ組＜Ｃ科＞,Q
A3C008B2,線形代数学Ⅱ＜Ａ科＞,Q
A3C008C0,線形代数学Ⅱ1組＜Ｍ科＞,Q
A3C008C1,線形代数学Ⅱ2組＜Ｍ科＞,Q
A3C008C2,線形代数学Ⅱ3組＜Ｍ科＞,Q
A3C008D0,線形代数学Ⅱイ組＜Ｅ科＞,Q
A3C008D1,線形代数学Ⅱロ組＜Ｅ科＞,Q
A3C008F0,線形代数学Ⅱイ組＜Ｄ科＞,Q
A3C008F1,線形代数学Ⅱロ組＜Ｄ科＞,Q
A3C0091A,微分方程式Ⅰイ組,Q
A3C0091B,微分方程式Ⅰロ組,Q
A3C0091C,微分方程式Ⅰイ組,Q
A3C0091D,微分方程式Ⅰロ組,Q
A3C0091F,微分方程式Ⅰ,Q
A3C009C0,微分方程式Ⅰイ組＜Ｍ科＞,Q
A3C009C1,微分方程式Ⅰロ組＜Ｍ科＞,Q
A3C009D0,微分方程式Ⅰイ組＜Ｅ科＞,Q
A3C009D1,微分方程式Ⅰロ組＜Ｅ科＞,Q
A3C009F0,微分方程式ⅠA組＜Ｄ科＞,Q
A3C009F1,微分方程式ⅠB組＜Ｄ科＞,Q
A3C0101A,微分方程式Ⅱイ組,Q
A3C0101B,微分方程式Ⅱロ組,Q
A3C010C0,微分方程式Ⅱイ組＜Ｍ科＞,Q
A3C010C1,微分方程式Ⅱロ組＜Ｍ科＞,Q
A3C0111A,物理学ａ（再履修）,Q
A3C0111B,物理学ａ（再履修）＜Ｄ科＞,Q
A3C011A0,物理学ａ（デザイン系）イ組＜Ｃ科＞,Q
A3C011A1,物理学ａ（デザイン系）ロ組＜Ｃ科＞,Q
A3C011B0,物理学ａ（デザイン系）1組＜Ａ科＞,Q
A3C011B1,物理学ａ（デザイン系）2組＜Ａ科＞,Q
A3C011B2,物理学ａ（デザイン系）3組＜Ａ科＞,Q
A3C011C0,物理学ａ（エンジニアリング系）1組＜Ｍ科＞,Q
A3C011C1,物理学ａ（エンジニアリング系）2組＜Ｍ科＞,Q
A3C011C2,物理学ａ（エンジニアリング系）3組＜Ｍ科＞,Q
A3C011D0,物理学ａ（エンジニアリング系）イ組＜Ｅ科＞,Q
A3C011D1,物理学ａ（エンジニアリング系）ロ組＜Ｅ科＞,Q
A3C011F0,物理学ａ（エンジニアリング系）イ組＜Ｄ科＞,Q
A3C011F1,物理学ａ（エンジニアリング系）ロ組＜Ｄ科＞,Q
A3C011G0,物理学ａ（サイエンス系）イ組＜Ｋ科＞,Q
A3C011G1,物理学ａ（サイエンス系）ロ組＜Ｋ科＞,Q
A3C011H0,物理学ａ（サイエンス系）イ組＜Ｖ科＞,Q
A3C011H1,物理学ａ（サイエンス系）ロ組＜Ｖ科＞,Q
A3C011J0,物理学ａ（サイエンス系）イ組＜Ｕ科＞,Q
A3C011J1,物理学ａ（サイエンス系）ロ組＜Ｕ科＞,Q
A3C012A0,物理学ｂ（デザイン系）イ組＜Ｃ科＞,Q
A3C012A1,物理学ｂ（デザイン系）ロ組＜Ｃ科＞,Q
A3C012B0,物理学ｂ（デザイン系）1組＜Ａ科＞,Q
A3C012B1,物理学ｂ（デザイン系）2組＜Ａ科＞,Q
A3C012B2,物理学ｂ（デザイン系）3組＜Ａ科＞,Q
A3C012C0,物理学ｂ（エンジニアリング系）1組＜Ｍ科＞,Q
A3C012C1,物理学ｂ（エンジニアリング系）2組＜Ｍ科＞,Q
A3C012C2,物理学ｂ（エンジニアリング系）3組＜Ｍ科＞,Q
A3C012D0,物理学ｂ（エンジニアリング系）イ組＜Ｅ科＞,Q
A3C012D1,物理学ｂ（エンジニアリング系）ロ組＜Ｅ科＞,Q
A3C012F0,物理学ｂ（エンジニアリング系）イ組＜Ｄ科＞,Q
A3C012F1,物理学ｂ（エンジニアリング系）ロ組＜Ｄ科＞,Q
A3C012G0,物理学ｂ（サイエンス系）イ組＜Ｋ科＞,Q
A3C012G1,物理学ｂ（サイエンス系）ロ組＜Ｋ科＞,Q
A3C012H0,物理学ｂ（サイエンス系）＜Ｖ科＞,Q
A3C012J0,物理学ｂ（サイエンス系）＜Ｕ科＞,Q
A3C0131D,物理学ｃ（エンジニアリング系）,Q
A3C0131F,物理学ｃ（サイエンス系）,Q
A3C013B0,物理学ｃ（デザイン系）1組＜Ａ科＞,Q
A3C013B1,物理学ｃ（デザイン系）2組＜Ａ科＞,Q
A3C013B2,物理学ｃ（デザイン系）3組＜Ａ科＞,Q
A3C013D0,物理学ｃ（エンジニアリング系）イ組＜Ｅ科＞,Q
A3C013D1,物理学ｃ（エンジニアリング系）ロ組＜Ｅ科＞,Q
A3C013F0,物理学ｃ（エンジニアリング系）イ組＜Ｄ科＞,Q
A3C013F1,物理学ｃ（エンジニアリング系）ロ組＜Ｄ科＞,Q
A3C013H0,物理学ｃ（サイエンス系）＜Ｖ科＞,Q
A3C0141A,物理学ｄ（エンジニアリング系）,Q
A3C0141B,物理学ｄ（デザイン系・サイエンス系）,Q
A3C014D0,物理学ｄ（エンジニアリング系）イ組＜Ｅ科＞,Q
A3C014D1,物理学ｄ（エンジニアリング系）ロ組＜Ｅ科＞,Q
A3C014F0,物理学ｄ（エンジニアリング系）イ組＜Ｄ科＞,Q
A3C014F1,物理学ｄ（エンジニアリング系）ロ組＜Ｄ科＞,Q
A3C014H0,物理学ｄ（サイエンス系）＜Ｖ科＞,Q
A3C015A0,物理学実験イ組＜Ｃ科＞,Q
A3C015A1,物理学実験ロ組＜Ｃ科＞,Q
A3C015C0,物理学実験イ組＜Ｍ科＞,Q
A3C015C1,物理学実験ロ組＜Ｍ科＞,Q
A3C015D0,物理学実験イ組＜Ｅ科＞,Q
A3C015D1,物理学実験ロ組＜Ｅ科＞,Q
A3C015F0,物理学実験イ組＜Ｄ科＞,Q
A3C015F1,物理学実験ロ組＜Ｄ科＞,Q
A3C015G0,物理学実験イ組＜Ｋ科＞,Q
A3C015G1,物理学実験ロ組＜Ｋ科＞,Q
A3C015H0,物理学実験＜Ｖ科＞,Q
A3C015J0,物理学実験＜Ｕ科＞,Q
A3C016A0,化学＜Ｃ科＞,Q
A3C016B0,化学イ組＜Ａ科＞,Q
A3C016B1,化学ロ組＜Ａ科＞,Q
A3C016C0,化学イ組＜Ｍ科＞,Q
A3C016C1,化学ロ組＜Ｍ科＞,Q
A3C016F0,化学イ組＜Ｅ・Ｄ科＞,Q
A3C016F1,化学ロ組＜Ｅ・Ｄ科＞,Q
A3C016H0,化学＜Ｖ科＞,Q
A3C016J0,化学＜Ｕ科＞,Q
A3C017A0,地球科学＜Ｃ科＞,Q
A3C017B0,地球科学1組＜Ａ科＞,Q
A3C017B1,地球科学2組＜Ａ科＞,Q
A3C017B2,地球科学3組＜Ａ科＞,Q
A3C017C0,地球科学イ組＜Ｍ・Ｄ科＞,Q
A3C017C1,地球科学ロ組＜Ｍ科＞,Q
A3C017D0,地球科学イ組＜Ｅ科＞,Q
A3C017D1,地球科学ロ組＜Ｅ・Ｄ科＞,Q
A3C017G0,地球科学イ組＜Ｋ科＞,Q
A3C017G1,地球科学ロ組＜Ｋ科＞,Q
A3C017H0,地球科学＜Ｖ科＞,Q
A3C017J0,地球科学＜Ｕ科＞,Q
A3C018A0,生物科学＜Ｃ科＞,Q
A3C018B0,生物科学イ組＜Ａ科＞,Q
A3C018B1,生物科学ロ組＜Ａ科＞,Q
A3C018C0,生物科学イ組＜Ｍ科＞,Q
A3C018C1,生物科学ロ組＜Ｍ科＞,Q
A3C018F0,生物科学イ組＜Ｅ・Ｄ科＞,Q
A3C018F1,生物科学ロ組＜Ｅ・Ｄ科＞,Q
A3C018G0,生物科学イ組＜Ｋ科＞,Q
A3C018G1,生物科学ロ組＜Ｋ科＞,Q
A3C018H0,生物科学＜Ｖ科＞,Q
A3C018J0,生物科学＜Ｕ科＞,Q
A3C019C0,工学倫理イ組＜Ｍ科＞,Q
A3C019C1,工学倫理ロ組＜Ｍ科＞,Q
A3C019G0,工学倫理＜Ｋ科＞,Q
A3C019J0,工学倫理＜Ｕ科＞,Q
A3C0201A,ものづくりマネジメント技術を活かす経営,Q
A3C0201B,ものづくりマネジメント技術を活かす経営,Q
A3C0211A,知的財産法概論,Q
A3C022A0,基礎情報処理ⅠA組＜Ｃ科＞,Q
A3C022A1,基礎情報処理ⅠB組＜Ｃ科＞,Q
A3C022B0,基礎情報処理ⅠA組＜Ａ科＞,Q
A3C022B1,基礎情報処理ⅠB組＜Ａ科＞,Q
A3C022B2,基礎情報処理ⅠC組＜Ａ科＞,Q
A3C022C0,基礎情報処理ⅠA組＜Ｍ科＞,Q
A3C022C1,基礎情報処理ⅠB組＜Ｍ科＞,Q
A3C022C2,基礎情報処理ⅠC組＜Ｍ科＞,Q
A3C022D0,基礎情報処理ⅠA組＜Ｅ科＞,Q
A3C022D1,基礎情報処理ⅠB組＜Ｅ科＞,Q
A3C022D2,基礎情報処理ⅠC組＜Ｅ科＞,Q
A3C022F0,基礎情報処理ⅠA組＜Ｄ科＞,Q
A3C022F1,基礎情報処理ⅠB組＜Ｄ科＞,Q
A3C022G0,基礎情報処理ⅠA組＜Ｋ科＞,Q
A3C022G1,基礎情報処理ⅠB組＜Ｋ科＞,Q
A3C022G2,基礎情報処理ⅠC組＜Ｋ科＞,Q
A3C022H0,基礎情報処理ⅠA組＜Ｖ科＞,Q
A3C022H1,基礎情報処理ⅠB組＜Ｖ科＞,Q
A3C022J0,基礎情報処理ⅠA組＜Ｕ科＞,Q
A3C022J1,基礎情報処理ⅠB組＜Ｕ科＞,Q
A3C023A0,基礎情報処理ⅡA組＜Ｃ科＞,Q
A3C023A1,基礎情報処理ⅡB組＜Ｃ科＞,Q
A3C023B0,基礎情報処理ⅡA組＜Ａ科＞,Q
A3C023B1,基礎情報処理ⅡB組＜Ａ科＞,Q
A3C023B2,基礎情報処理ⅡC組＜Ａ科＞,Q
A3C023C0,基礎情報処理ⅡA組＜Ｍ科＞,Q
A3C023C1,基礎情報処理ⅡB組＜Ｍ科＞,Q
A3C023C2,基礎情報処理ⅡC組＜Ｍ科＞,Q
A3C023D0,基礎情報処理ⅡA組＜Ｅ科＞,Q
A3C023D1,基礎情報処理ⅡB組＜Ｅ科＞,Q
A3C023D2,基礎情報処理ⅡC組＜Ｅ科＞,Q
A3C023F0,基礎情報処理ⅡA組＜Ｄ科＞,Q
A3C023F1,基礎情報処理ⅡB組＜Ｄ科＞,Q
A3C023G0,基礎情報処理ⅡA組＜Ｋ科＞,Q
A3C023G1,基礎情報処理ⅡB組＜Ｋ科＞,Q
A3C023G2,基礎情報処理ⅡC組＜Ｋ科＞,Q
A3C023H0,基礎情報処理ⅡA組＜Ｖ科＞,Q
A3C023H1,基礎情報処理ⅡB組＜Ｖ科＞,Q
A3C023J0,基礎情報処理ⅡA組＜Ｕ科＞,Q
A3C023J1,基礎情報処理ⅡB組＜Ｕ科＞,Q
A3C0241A,品質管理,Q
A3C0241B,品質管理,Q
A3C0251A,確率と統計Ⅰ1組,Q
A3C0251B,確率と統計Ⅰ2組,Q
A3C0251C,確率と統計Ⅰ3組,Q
A3C0251D,確率と統計Ⅰイ組,Q
A3C0251F,確率と統計Ⅰロ組,Q
A3C025A0,確率と統計Ⅰ＜Ｃ科＞,Q
A3C0261A,確率と統計Ⅱイ組,Q
A3C0261B,確率と統計Ⅱ,Q
A3C0261C,確率と統計Ⅱロ組,Q
A3C026A0,確率と統計Ⅱ＜Ｃ科＞,Q
A3C027A0,淀川と人間＜Ｃ科＞,Q
A3C027B0,淀川と人間＜Ａ科＞,Q
A3C027C0,淀川と人間＜Ｍ科＞,Q
A3C027D0,淀川と人間＜Ｅ科＞,Q
A3C027F0,淀川と人間＜Ｄ科＞,Q
A3C027G0,淀川と人間＜Ｋ科＞,Q
A3C027H0,淀川と人間＜Ｖ科＞,Q
A3C027J0,淀川と人間＜Ｕ科＞,Q
A3C0281A,淀川と環境,Q
A3C0281B,淀川と環境,Q
A3C029A0,デザイン探求演習（ＰＢＬ）＜Ｃ科＞,Q
A3C029B0,デザイン探求演習（ＰＢＬ）＜Ａ科＞,Q
A3C030C0,エンジニアリング探求演習（ＰＢＬ）＜Ｍ科＞,Q
A3C030D0,エンジニアリング探求演習（ＰＢＬ）＜Ｅ科＞,Q
A3C030F0,エンジニアリング探求演習（ＰＢＬ）イ組＜Ｄ科＞,Q
A3C030F1,エンジニアリング探求演習（ＰＢＬ）ロ組＜Ｄ科＞,Q
A3C031G0,サイエンス探求演習（ＰＢＬ）＜Ｋ科＞,Q
A3C031H0,サイエンス探求演習（ＰＢＬ）＜Ｖ科＞,Q
A3C031J0,サイエンス探求演習（ＰＢＬ）＜Ｕ科＞,Q
A3C0321A,宇宙・地球・生命－探求演習（ＰＢＬ）,Q
A3C0321B,宇宙・地球・生命－探求演習（ＰＢＬ）,Q
A3C033A0,デザイン探求演習（ＰＢＬ）＜Ｃ科＞,Q
A3C033B0,デザイン探求演習（ＰＢＬ）＜Ａ科＞,Q
A3C034C0,エンジニアリング探求演習（ＰＢＬ）＜Ｍ科＞,Q
A3C034D0,エンジニアリング探求演習（ＰＢＬ）＜Ｅ科＞,Q
A3C034F0,エンジニアリング探求演習（ＰＢＬ）イ組＜Ｄ科＞,Q
A3C034F1,エンジニアリング探求演習（ＰＢＬ）ロ組＜Ｄ科＞,Q
A3C035G0,サイエンス探求演習（ＰＢＬ）＜Ｋ科＞,Q
A3C035H0,サイエンス探求演習（ＰＢＬ）＜Ｖ科＞,Q
A3C035J0,サイエンス探求演習（ＰＢＬ）＜Ｕ科＞,Q
A3C0361A,宇宙・地球・生命－探究演習（ＰＢＬ）,Q
A3C0361B,宇宙・地球・生命－探究演習（ＰＢＬ）,Q
A3C037C0,開発プロセス基礎演習＜Ｍ科＞,Q
A3C037D0,開発プロセス基礎演習＜Ｅ科＞,Q
A3C037F0,開発プロセス基礎演習イ組＜Ｄ科＞,Q
A3C037F1,開発プロセス基礎演習ロ組＜Ｄ科＞,Q
A4C0011A,級数とフーリエ解析,Q
A4C0021A,ベクトル解析,Q
A4C0031A,線形代数学Ⅲ,Q
A4C0041A,線形代数学Ⅳ,Q
A4C0051A,複素解析Ⅰ,Q
A4C0051B,複素解析Ⅰ,Q
A4C0061A,複素解析Ⅱ,Q
A4C0061B,複素解析Ⅱ,Q
A4C0071F,応用数学Ⅰ,Q
A4C007D0,応用数学Ⅰイ組＜Ｅ科＞,Q
A4C007D1,応用数学Ⅰロ組＜Ｅ科＞,Q
A4C007F0,応用数学ⅠA組＜Ｄ科＞,Q
A4C007F1,応用数学ⅠB組＜Ｄ科＞,Q
A4C0081F,応用数学Ⅱ,Q
A4C008D0,応用数学Ⅱイ組＜Ｅ科＞,Q
A4C008D1,応用数学Ⅱロ組＜Ｅ科＞,Q
A4C008F0,応用数学ⅡA組＜Ｄ科＞,Q
A4C008F1,応用数学ⅡB組＜Ｄ科＞,Q
A4C0091A,実践化学,Q
A4C0101A,地球システムと人間,Q
A4C0101B,地球システムと人間,Q
A4C0111A,環境生物学,Q
A4C0111B,環境生物学,Q
A4C0121A,人間発達と人権,Q
A4C0131A,教育原論,Q
A4C0141A,道徳教育の研究,Q
A4C0151A,道徳教育,Q
A4D0151A,現代代数学,Q
A4D0171A,現代幾何学,Q
A4D0181A,現代解析学,Q
A4D0191A,教職物理学,Q
A4D0201A,化学実験,Q
A4D0211A,地学Ⅰ（ＫＶＵ対象）,Q
A4D0221A,地学Ⅱ（ＫＶＵ対象）,Q
A4D0231A,地学実験（ＫＶＵ対象）,Q
A4D0231B,地学実験（ＫＶＵ対象）,Q
A4D0241A,生物学Ⅰ（ＫＶＵ対象）,Q
A4D0251A,生物学Ⅱ（ＫＶＵ対象）,Q
A4D0261A,生物学実験（ＫＶ対象）,Q
A4D0261B,生物学実験（ＫＶ対象）,Q
A4D0271A,道徳教育,Q
ARDA01A0,基礎力向上講座（数学）＜Ｃ科＞,Q
ARDA01A1,基礎力向上講座（数学）＜Ｃ科＞,Q
ARDA01B0,基礎力向上講座（数学）＜Ａ科＞,Q
ARDA01B1,基礎力向上講座（数学）＜Ａ科＞,Q
ARDA01C0,基礎力向上講座（数学）＜Ｍ・Ｅ科＞,Q
ARDA01C1,基礎力向上講座（数学）＜Ｍ科＞,Q
ARDA01C2,基礎力向上講座（数学）＜Ｍ科＞,Q
ARDA01D1,基礎力向上講座（数学）＜Ｅ科＞,Q
ARDA01D2,基礎力向上講座（数学）＜Ｅ科＞,Q
ARDA01F0,基礎力向上講座（数学）＜Ｄ科＞,Q
ARDA01F1,基礎力向上講座（数学）＜Ｄ科＞,Q
ARDA01F2,基礎力向上講座（数学）＜Ｄ科＞,Q
ARDA01G0,基礎力向上講座（数学）＜Ｋ科＞,Q
ARDA01G1,基礎力向上講座（数学）＜Ｋ科＞,Q
ARDA01H0,基礎力向上講座（数学）＜Ｖ・Ｕ科＞,Q
ARDA01H1,基礎力向上講座（数学）＜Ｖ・Ｕ科＞,Q
ARDB011A,基礎力向上講座（力学系）,Q
ARDB011B,基礎力向上講座（電磁気系）,Q
ARDB01A0,基礎力向上講座（物理）＜Ｃ科＞,Q
ARDB01A1,基礎力向上講座（物理）＜Ｃ科＞,Q
ARDB01B0,基礎力向上講座（物理）＜Ａ科＞,Q
ARDB01B1,基礎力向上講座（物理）＜Ａ科＞,Q
ARDB01C0,基礎力向上講座（物理）＜Ｍ科＞,Q
ARDB01C1,基礎力向上講座（物理）＜Ｍ科＞,Q
ARDB01D0,基礎力向上講座（物理）＜Ｅ科＞,Q
ARDB01D1,基礎力向上講座（物理）＜Ｅ科＞,Q
ARDB01F0,基礎力向上講座（物理）＜Ｄ科＞,Q
ARDB01F1,基礎力向上講座（物理）＜Ｄ科＞,Q
ARDB01G0,基礎力向上講座（物理）＜Ｋ科＞,Q
ARDB01G1,基礎力向上講座（物理）＜Ｋ科＞,Q
ARDB01H0,基礎力向上講座（物理）＜Ｖ科＞,Q
ARDB01H1,基礎力向上講座（物理）＜Ｖ科＞,Q
ARDB01J0,基礎力向上講座（物理）＜Ｕ科＞,Q
ARDB01J1,基礎力向上講座（物理）＜Ｕ科＞,Q
ARDC011A,応用力向上講座（物理）,Q
ARDC011B,応用力向上講座（数学）,Q
ATD0011B,職業指導Ａ,Q
ATD0021A,職業指導Ｂ,Q
ATD0031A,教職入門,Q
ATD0041A,教育心理学,Q
ATD0051A,教育行政,Q
ATD0061A,数学科教育法ａ,Q
ATD0071A,数学科教育法ｂ,Q
ATD0081A,数学科教育法ｃ,Q
ATD0091A,数学科教育法ｄ,Q
ATD0101A,理科教育法ａ,Q
ATD0111A,理科教育法ｂ,Q
ATD0121A,理科教育法ｃ,Q
ATD0131A,理科教育法ｄ,Q
ATD0141A,工業科教育法ａ,Q
ATD0151A,工業科教育法ｂ,Q
ATD0161A,情報科教育法ａ,Q
ATD0171A,情報科教育法ｂ,Q
ATD0181A,教育課程論,Q
ATD0191A,教育方法論,Q
ATD0201A,生徒指導論,Q
ATD0211A,カウンセリング概論,Q
ATD0221A,教職実践演習,Q
ATD0231A,中学校教育実習,Q
ATD0241A,高等学校教育実習,Q
ATD0251A,福祉教育概論,Q
ATD0261A,工業概論,Q
ATD0271A,教育相談,Q
ATD0281A,生徒指導と進路指導,Q
ATD0291A,特別活動・総合的な学習の時間の指導法,Q
ATD0301A,特別支援教育,Q
AYC001C0,キャリアデザインⅠイ組＜Ｍ科＞,Q
AYC001C1,キャリアデザインⅠロ組＜Ｍ科＞,Q
AYC001F0,キャリアデザインⅠ＜Ｄ科＞,Q
AYC002A0,キャリアデザイン＜Ｃ科＞,Q
AYC002A1,キャリアデザイン＜Ｃ科＞,Q
AYC002B0,キャリアデザイン＜Ａ科＞,Q
AYC002C0,キャリアデザインイ組＜Ｍ科＞,Q
AYC002C1,キャリアデザインロ組＜Ｍ科＞,Q
AYC002D0,キャリアデザイン＜Ｅ科＞,Q
AYC002D1,キャリアデザイン＜Ｅ科＞,Q
AYC002F0,キャリアデザイン＜Ｄ科＞,Q
AYC002G0,キャリアデザイン＜Ｋ科＞,Q
AYC002H0,キャリアデザイン＜V科＞,Q
AYC002J0,キャリアデザイン＜Ｕ科＞,Q
AYC003B0,キャリアデザインⅡ＜Ａ科＞,Q
AYC003C0,キャリアデザインⅡイ組＜Ｍ科＞,Q
AYC003C1,キャリアデザインⅡロ組＜Ｍ科＞,Q
AYC004B0,キャリア形成支援＜Ａ科＞,Q
AYC004C0,キャリア形成支援イ組＜Ｍ科＞,Q
AYC004C1,キャリア形成支援ロ組＜Ｍ科＞,Q
AYC004J0,キャリア形成支援＜Ｕ科＞,Q
AYC005A0,インターンシップ＜Ｃ科＞,Q
AYC005B0,インターンシップ＜Ａ科＞,Q
AYC005C0,インターンシップ＜Ｍ科＞,Q
AYC005D0,インターンシップ＜Ｅ科＞,Q
AYC005F0,インターンシップ＜Ｄ科＞,Q
AYC005G0,インターンシップ＜Ｋ科＞,Q
AYC005H0,インターンシップ＜Ｖ科＞,Q
AYC005J0,インターンシップ＜Ｕ科＞,Q
AYC0081A,ＯＩＴ概論,Q
AYC006A0,グローバルテクノロジー論ａ,Q
AYC007A0,グローバルテクノロジー論ｂ,Q
10A001A0,卒業研究,C
10A002A0,卒業研究,C
10A003A0,達成度確認テスト,C
10AA04A0,都市デザイン工学演習Ⅰ,C
10AA05A0,都市デザイン工学演習Ⅱ,C
10AA06A0,プロジェクト演習,C
10AA07A0,測量学,C
10AA08A0,測量学実習,C
10AA16A0,技術者倫理A組,C
10AA16B0,技術者倫理B組,C
10AB01A0,景観工学,C
10AB06A0,計画学ａ,C
10AC01A0,構造力学ａ,C
10AC01B0,Ｒｅ：構造力学ａ,C
10AC03A0,構造力学ｂ,C
10AD01A0,建設材料学,C
10AE01A0,土質力学ａ,C
10AE03A0,土質力学ｂ,C
10AF01A0,水理学ａ,C
10AF01B0,Ｒｅ：水理学ａ,C
10AF03A0,水理学ｂ,C
10BA13A0,ＣＡＤ／ＣＧ演習イ組,C
10BA13B0,ＣＡＤ／ＣＧ演習ロ組,C
10BB01A0,景観工学,C
10BB02A0,景観工学演習,C
10BB06A0,計画学ａ,C
10BB07A0,計画学ａ演習イ組,C
10BB07B0,計画学ａ演習ロ組,C
10BC01A0,構造力学Ⅰａ,C
10BC01B0,Ｒｅ：構造力学Ⅰａ,C
10BC02A0,構造力学ａ演習イ組,C
10BC02B0,構造力学ａ演習ロ組,C
10BC03A0,構造力学Ⅰｂ,C
10BC04A0,構造力学ｂ演習イ組,C
10BC04B0,構造力学ｂ演習ロ組,C
10BC13A0,構造力学ｃ演習,C
10BD01A0,建設材料学,C
10BD03A0,鉄筋コンクリート工学演習イ組,C
10BD03B0,鉄筋コンクリート工学演習ロ組,C
10BE01A0,土質力学ａ,C
10BE02A0,土質力学ａ演習,C
10BE03A0,土質力学ｂ,C
10BE04A0,土質力学ｂ演習,C
10BF01A0,水理学ａ,C
10BF01B0,Ｒｅ：水理学ａ,C
10BF02A0,水理学ａ演習,C
10BF03A0,水理学ｂ,C
10BF04A0,水理学ｂ演習,C
10CA02A0,都市デザイン工学入門,C
10CA09A0,応用測量学,C
10CA10A0,応用測量学実習,C
10CA11A0,基礎製図,C
10CA13A0,ＣＡＤ／ＣＧ演習イ組,C
10CA13B0,ＣＡＤ／ＣＧ演習ロ組,C
10CA14A0,上下水道システム工学,C
10CA15A0,建設行政,C
10CA16A0,技術者倫理A組,C
10CA16B0,技術者倫理B組,C
10CA17A0,特別講義Ⅰ,C
10CA18A0,特別講義Ⅱ,C
10CA19A0,建築・都市設計製図Ⅰ,C
10CA20A0,建築・都市設計製図Ⅱ,C
10CA21A0,建築・都市設計演習,C
10CB02A0,景観工学演習,C
10CB04A0,空間デザイン学,C
10CB07A0,計画学ａ演習イ組,C
10CB07B0,計画学ａ演習ロ組,C
10CB08A0,計画学ｂ,C
10CB09A0,社会資本計画学,C
10CB10A0,交通計画学,C
10CB11A0,都市・地域計画,C
10CC02A0,構造力学Ⅰａ演習イ組,C
10CC02B0,構造力学Ⅰａ演習ロ組,C
10CC04A0,構造力学Ⅰｂ演習イ組,C
10CC04B0,構造力学Ⅰｂ演習ロ組,C
10CC07A0,橋梁工学ａ,C
10CC10A0,複合構造・維持管理工学,C
10CC12A0,構造力学ｃ,C
10CC14A0,橋梁工学,C
10CD02A0,鉄筋コンクリート工学,C
10CD03A0,鉄筋コンクリート工学演習イ組,C
10CD03B0,鉄筋コンクリート工学演習ロ組,C
10CD04A0,コンクリート構造学,C
10CD05A0,プレストレストコンクリート工学,C
10CD06A0,応用コンクリート工学,C
10CE02A0,土質力学ａ演習,C
10CE04A0,土質力学ｂ演習,C
10CE06A0,土構造・道路工学,C
10CE07A0,建設施工,C
10CE08A0,地盤防災工学,C
10CE09A0,地盤施工学,C
10CF02A0,水理学ａ演習,C
10CF04A0,水理学ｂ演習,C
10CF06A0,河川工学,C
10CF07A0,水系保全学,C
10CF08A0,海岸工学,C
10DG01A0,建築環境工学（前半）,C
10DG02A0,建築法規,C
10DG03A0,建築生産,C
10DG04A0,建築設備,C
10DG05A0,建築・都市設計製図Ⅰ,C
10DG06A0,建築・都市設計製図Ⅱ,C
10AE01B0,Ｒｅ：土質力学ａ,C
10BE01B0,Ｒｅ：土質力学ａ,C
11A001A0,卒業研究,A
11A002A0,達成度確認テスト,A
11AA03A0,静定構造力学演習Ａ・Ｂ・Ｃ組,A
11AA04A0,材料力学演習Ａ・Ｂ・Ｃ・D組,A
11AA05A0,設計演習Ⅰ,A
11AA06A0,設計演習Ⅱ,A
11AA07A0,設計演習Ⅲ,A
11AA07B0,設計演習Ⅲ,A
11AA08A0,建築演習ⅠA組（意匠計画グループ）,A
11AA08B0,建築演習ⅠB組（環境グループ）,A
11AA08C0,建築演習ⅠC組（構造計画グループ）,A
11AA09A0,建築演習ⅡA組,A
11AA09B0,建築演習ⅡB組,A
11AA09C0,建築演習ⅡC組,A
11AA09D0,建築演習ⅡE組,A
11AA09F0,建築演習ⅡD組,A
11AA10A0,卒業研究,A
11AA11A0,建築演習ⅠA組（意匠計画グループ）,A
11AA11B0,建築演習ⅠB組（環境グループ）,A
11AA11C0,建築演習ⅠC組（構造計画グループ）,A
11AA12A0,構造力学ⅠＡ・Ｂ・Ｃ組,A
11AA13A0,構造力学ⅡＡ・Ｂ・Ｃ・D組,A
11BB01A0,建築計画ⅠＡ,A
11BB02A0,建築計画ⅠＢ,A
11BB03A0,建築計画ⅡＡ,A
11BB04A0,建築計画ⅡＢ,A
11BB05A0,都市計画論（再履修）,A
11BB06A0,都市制度論,A
11BB07A0,日本建築史,A
11BB08A0,西洋建築史,A
11BB09A0,近代建築史,A
11BB12A0,建築法規Ⅰ,A
11BB17A0,建築計画Ⅰ,A
11BB18A0,建築計画Ⅱ,A
11BB19A0,建築計画Ⅲ,A
11BB20A0,建築計画Ⅳ（前半）,A
11BB21A0,建築計画Ⅴ（後半）,A
11BB24A0,地区設計論（前半）,A
11BB25A0,地区計画論（後半）,A
11BB26A0,建築史Ⅰ,A
11BB27A0,建築史Ⅱ,A
11BB28A0,建築史Ⅲ（前半）,A
11BB29A0,建築史Ⅳ（後半）,A
11BB32A0,建築法規Ａ（前半）,A
11BB33A0,建築法規Ｂ（後半）,A
11BC01A0,建築環境工学Ⅰ演習イ・ロ組,A
11BC02A0,建築環境工学Ⅱ演習イ・ロ組,A
11BC03A0,建築環境工学Ⅲ演習イ・ロ組,A
11BC04A0,建築設備Ⅰ,A
11BC05A0,建築設備Ⅱ,A
11BC06A0,建築設備ⅡＡ（前半）,A
11BC07A0,建築設備ⅡＢ（後半）,A
11BD02A0,不静定構造力学演習Ａ・Ｂ・C・D組,A
11BD06A0,建築構造Ⅰ,A
11BD07A0,建築構造Ⅱ,A
11BD08A0,鋼構造,A
11BD09A0,建築構造Ⅲ,A
11BD10A0,鉄筋コンクリート構造,A
11BD16A0,不静定構造力学Ⅰ演習Ａ・Ｂ・C・D組,A
11BD17A0,不静定構造力学Ⅱ（前半）,A
11BD18A0,塑性力学（後半）,A
11BD21A0,鋼構造Ⅰ,A
11BD22A0,鋼構造Ⅱ,A
11BD23A0,鉄筋コンクリート構造Ⅰ,A
11BD24A0,鉄筋コンクリート構造Ⅱ（前半）,A
11BD25A0,鉄筋コンクリート構造Ⅲ（後半）,A
11BD26A0,建築基礎構造Ⅰ（前半）,A
11BD27A0,建築基礎構造Ⅱ（後半）,A
11BD28A0,構造力学ⅢＡ・Ｂ・C・D組,A
11CD24A0,構造力学アドバンスⅠ（前半）,A
11BD30A0,構造力学Ⅳ（後半）,A
11BE01A0,建築材料Ⅰ演習,A
11BE02A0,建築材料Ⅱ,A
11BE03A0,建築施工,A
11BE04A0,建築経済,A
11BE05A0,建築材料Ⅰ,A
11BE06A0,建築経済Ⅰ（前半）,A
11BE07A0,建築経済Ⅱ（後半）,A
11BF03A0,建築構法,A
11BF10B0,設計基礎演習Ⅰロ組,A
11BF10A0,設計基礎演習Ⅰイ組,A
11BF12A0,木構造,A
11BF12B0,Ｒｅ：木構造,A
11CA01A0,設計基礎演習Ⅰイ組,A
11CA01B0,設計基礎演習Ⅰロ組,A
11BF11A0,設計基礎演習Ⅱ,A
11CA02A0,設計基礎演習Ⅱ,A
11CB14A0,ＣＡＤ／ＣＧ演習Ⅰイ組,A
11CB14B0,ＣＡＤ／ＣＧ演習Ⅰロ組,A
11CB15A0,ＣＡＤ／ＣＧ演習Ⅱ,A
11CB16A0,ＣＧプレゼンテーション演習,A
11CB22A0,都市計画論Ⅰ（前半）,A
11CB23A0,都市計画論Ⅱ（後半）,A
11CB30A0,意匠論（後半）,A
11CB31A0,ランドスケープデザイン（後半）,A
11CB34A0,ＣＡＤ／ＣＧ演習ⅡＡ（前半）,A
11CB35A0,ＣＡＤ／ＣＧ演習ⅡＢ（後半）,A
11CB36A0,ＣＧプレゼンテーション演習Ⅰ（前半）,A
11CB37A0,ＣＧプレゼンテーション演習Ⅱ（後半）,A
11CD01A0,構造力学ⅠＡ・B組,A
11CD03A0,構造力学Ⅱ,A
11CD04A0,建築振動論,A
11CD12A0,構造計画,A
11CD13A0,建築基礎構造,A
11CD15A0,構造力学アドバンスＡ・B組,A
11CD19A0,建築振動論Ⅰ（前半）,A
11CD20A0,建築振動論Ⅱ（後半）,A
11CD21A0,構造力学アドバンスⅡＡ・B組,A
11BD29A0,構造計画Ⅰ（前半）,A
11CD22A0,構造計画Ⅱ（後半）,A
11CF02A0,建築概論Ⅰ,A
11CF03A0,建築概論Ⅱ,A
11CF04A0,絵画演習イ組,A
11CF04B0,絵画演習ロ組,A
11CF07A0,測量学・同演習,A
11CF13A0,建築概論,A
11CF14A0,測量学Ⅰ・同演習（前半）,A
11CF15A0,測量学Ⅱ・同演習（後半）,A
11CF16A0,建築倫理（前半）,A
11CF18A0,建築学アドバンスⅠ（前半）,A
11CF19A0,建築学アドバンスⅡ（後半）,A
13A001A0,卒業研究,M
13A002A0,卒業研究,M
13A003A0,達成度確認テスト,M
13AA02A0,機械工作実習ａロ組,M
13AA02B0,機械工作実習ａイ組,M
13AA03A0,機械工作実習ｂロ組,M
13AA03B0,機械工作実習ｂイ組,M
13AA04A0,機械工学実験ａイ組,M
13AA04B0,機械工学実験ａロ組,M
13AA05A0,機械工学実験ｂロ組,M
13AA05B0,機械工学実験ｂイ組,M
13AB03A0,設計製図Ⅰイ組,M
13AB03B0,設計製図Ⅰロ組,M
13AB04B0,設計製図Ⅱイ組,M
13AB04A0,設計製図Ⅱロ組,M
13AB09A0,機械製作法Ⅱ,M
13AB10A0,機械設計法（Ｊコース）,M
13AB10B0,機械設計法（Ｚコース）,M
13AB12A0,機械材料（Ｊコース）,M
13AB12B0,機械材料（Ｚコース）,M
13AC02A0,材料力学Ⅰイ組,M
13AC02B0,材料力学Ⅰロ組,M
13AC02C0,材料力学Ⅰ（研究推進クラス）,M
13AC02D0,材料力学Ⅰ（再履修）,M
13AC03A0,材料力学Ⅱ,M
13AC06A0,機械力学Ⅰ（Ｊコース）,M
13AC06B0,機械力学Ⅰ（Ｚコース）,M
13AC07A0,機械力学Ⅱ,M
13AD02A0,熱力学,M
13AD03A0,熱工学（Ｊコース）,M
13AD03B0,熱工学（Ｚコース）,M
13AD04A0,流れ学（Ｚコース）,M
13AD04B0,流れ学（Ｊコース）,M
13AD05A0,流体力学,M
13CA01A0,機械基礎ゼミナール,M
13CA06A0,機械のデータサイエンス演習Ⅰイ組,M
13CA06B0,機械のデータサイエンス演習Ⅰロ組,M
13CA07A0,機械のデータサイエンス演習Ⅱロ組,M
13CA07B0,機械のデータサイエンス演習Ⅱイ組,M
13CA08A0,計算力学,M
13CA09A0,実験計画法,M
13CA09B0,実験計画法,M
13CA10A0,先端技術論,M
13CA11A0,航空・宇宙工学,M
13CA12A0,自動車工学,M
13CA14A0,機械工学演習Ⅰ（Ｚコース）,M
13CA15A0,機械工学演習Ⅱ（Ｚコース）,M
13CA16A0,機械工学演習Ⅲ（Ｚコース）,M
13CA17A0,機械工学演習Ⅳ（Ｚコース）,M
13CA18A0,開発プロセス発展演習,M
13CA19A0,工学コミュニケーション英語応用B1組,M
13CA19B0,工学コミュニケーション英語応用B2組,M
13CA19C0,工学コミュニケーション英語応用A1組,M
13CA19D0,工学コミュニケーション英語応用A2組,M
13CA20A0,機械工学入門ａイ組,M
13CA20B0,機械工学入門ａロ組,M
13CA21A0,機械工学入門ｂ,M
13CA22A0,研究推進ゼミナール（研究推進クラス）,M
13CA23A0,機械の数学（研究推進クラス）,M
13CA24A0,研究推進概論（研究推進クラス）,M
13CA25A0,国際設計工学実習（研究推進クラス）,M
13CA26A0,機械のＡⅠ,M
13CB01A0,製図学,M
13CB01B0,製図学（研究推進クラス）,M
13CB02A0,ＣＡＤ／ＣＡＭ概論,M
13CB05A0,設計演習ａイ組,M
13CB05B0,設計演習ａロ組,M
13CB06A0,設計演習ｂイ組,M
13CB06B0,設計演習ｂロ組,M
13CB07A0,３次元ＣＡＤ演習ロ組,M
13CB07B0,３次元ＣＡＤ演習イ組,M
13CB08A0,機械製作法Ⅰイ組,M
13CB08B0,機械製作法Ⅰロ組,M
13CB08C0,機械製作法Ⅰ（研究推進クラス）,M
13CB09A0,機械製作法Ⅱ,M
13CB11A0,生産システム工学,M
13CC05A0,材料強度学,M
13CC08A0,振動工学,M
13CD06A0,流体機械,M
13CD07A0,内燃機関,M
13CE02A0,計測と制御Ⅰ,M
13CE03A0,計測と制御Ⅱ,M
13CE05A0,基礎電気回路,M
13CE06A0,メカトロニクス,M
13CE07A0,ロボット工学,M
13CE08A0,システム制御理論,M
13CE09A0,システム制御,M
12A001A0,卒業研究,E
12A002A0,卒業研究,E
12A003A0,達成度確認テスト,E
12AA02A0,電磁気学Ⅰ,E
12AA02C0,Ｒｅ：電磁気学Ⅰ,E
12AA03A0,電磁気学Ⅱ,E
12AB01A0,電気電子システム実験ａイ組,E
12AB01B0,電気電子システム実験ａロ組,E
12AB02A0,電気電子システム実験ｂイ組,E
12AB02B0,電気電子システム実験ｂロ組,E
12AB03A0,電気電子システム実験ｃロ組,E
12AB03B0,電気電子システム実験ｃイ組,E
12AC01A0,電気回路Ⅰ,E
12AC01C0,Ｒｅ：電気回路Ⅰ,E
12AC02A0,電気回路Ⅱ,E
12BA04A0,電磁気学Ⅲ,E
12BA06A0,電気数学Ⅰ,E
12BA08A0,基礎電気計測,E
12BA09A0,計算機プログラミング,E
12BA11A0,電気数学,E
12BC03A0,電気回路Ⅲ,E
12BC04A0,電気回路Ⅳ,E
12BC05A0,電子回路工学Ⅰ,E
12BC05B0,電子回路工学Ⅰ,E
12BC08A0,ディジタル電子回路,E
12BD01A0,電気電子材料,E
12BD04A0,電子物性論,E
12BE01A0,電力システムⅠ,E
12BE06A0,電機システムⅠ,E
12BF08A0,制御工学Ⅰ,E
12BG08A0,制御工学Ⅰ,E
12CA05A0,電磁界理論（前半）,E
12CA10A0,技術者倫理,E
12CB06A0,電気電子システムＰＢＬ,E
12CB07A0,電機設計／ＣＡＤ製図イ組,E
12CB07B0,電機設計／ＣＡＤ製図ロ組,E
12CC06A0,電子回路工学Ⅱ,E
12CC07A0,アナログ電子回路,E
12CD03A0,電子デバイス工学,E
12CD05A0,ＬＳＩ工学,E
12CD06A0,センサ工学,E
12CD07A0,プラズマエレクトロニクス,E
12CD08A0,オプトエレクトロニクス,E
12CE02A0,電力システムⅡ,E
12CE03A0,エネルギー変換工学,E
12CE04A0,高電圧・パルスパワー工学,E
12CE05A0,電気法規および施設管理,E
12CE07A0,電機システムⅡ,E
12CE08A0,パワーエレクトロニクス,E
12CE09A0,電気応用,E
12CF01A0,情報通信工学（前半）,E
12CF02A0,ネットワーク工学,E
12CF03A0,アンテナ・伝送工学,E
12CF04A0,電波・通信法規,E
12CF06A0,計算機ハードウェア,E
12CF07A0,計算機ソフトウェア,E
12CF09A0,制御工学Ⅱ,E
12CF10A0,ロボット工学,E
12CG01A0,情報通信工学（前半）,E
12CG02A0,ネットワーク工学,E
12CG03A0,アンテナ・伝送工学,E
12CG04A0,電波・通信法規,E
12CG06A0,計算機ハードウェア,E
12CG07A0,計算機ソフトウェア,E
12CG09A0,制御工学Ⅱ,E
12CG10A0,ロボット工学,E
12CF05A0,システム工学,E
12CG05A0,システム工学,E
15A001A0,卒業研究,D
15A002A0,卒業研究,D
15A003A0,達成度確認テスト,D
15AA01A0,電子情報通信基礎演習ロ組,D
15AA01B0,電子情報通信基礎演習イ組,D
15AA01C0,電子情報通信基礎演習（再履修）,D
15AA02A0,電子情報通信実験ⅠA組,D
15AA02B0,電子情報通信実験ⅠB組,D
15AA03A0,電子情報通信実験ⅡB組,D
15AA03B0,電子情報通信実験ⅡA組,D
15AA04A0,電子情報通信実験ⅢA組,D
15AA04B0,電子情報通信実験ⅢB組,D
15AA05A0,エレクトロニクスプラクティスA組,D
15AA05B0,エレクトロニクスプラクティスB組,D
15AA06A0,電気回路Ⅰ,D
15AA06B0,Ｒｅ：電気回路Ⅰ,D
15AA07A0,電気回路Ⅱ,D
15AA07B0,Ｒｅ：電気回路Ⅱ,D
15CA08A0,電気磁気学Ⅰ,D
15CA09A0,電気磁気学Ⅱ,D
15CA10A0,基礎電子回路Ⅰ,D
15CA11A0,基礎電子回路Ⅱ,D
15CA12A0,固体エレクトロニクスⅠ,D
15CA13A0,コンピュータ基礎,D
15CA14A0,コンピュータアーキテクチャ,D
15CA15A0,情報通信基礎,D
15CA16A0,電気回路Ⅰ演習,D
15CA17A0,電気回路Ⅱ演習,D
15CA18A0,電気磁気学演習,D
15CA19A0,電子回路演習,D
15CA21A0,プログラミング・同演習,D
15CA21B0,プログラミング・同演習,D
15CB01A0,情報社会と倫理,D
15CB02A0,情報と職業,D
15CB03A0,電波・通信法規,D
15CC01A0,電気計測,D
15CC02A0,電気磁気学Ⅲ,D
15CC03A0,レーザ工学,D
15CC04A0,光エレクトロニクス,D
15CC05A0,電気回路Ⅲ,D
15CC06A0,アナログ電子回路,D
15CC07A0,ディジタル電子回路,D
15CC08A0,電子回路設計,D
15CC09A0,固体エレクトロニクスⅡ,D
15CC10A0,半導体デバイス基礎,D
15CC11A0,半導体デバイス工学,D
15CC12A0,量子エレクトロニクス入門,D
15CC13A0,制御工学,D
15CD01A0,コンピュータシステム,D
15CD02A0,コンピュータグラフィクス,D
15CD03A0,メディア情報開発,D
15CD04A0,ネットワーク設計,D
15CD05A0,ディジタル信号処理,D
15CD06A0,伝送理論,D
15CD07A0,通信方式Ⅰ,D
15CD08A0,通信方式Ⅱ,D
15CD09A0,ネットワーク工学,D
15CD10A0,電磁波工学,D
15CD11A0,無線通信工学,D
15CD12A0,情報理論,D
15CD13A0,映像・音響工学,D
20A001A0,卒業研究,D
20A002A0,達成度確認テスト,D
20AA01A0,電子情報システム基礎演習ロ組,D
20AA01B0,電子情報システム基礎演習イ組,D
20AA01C0,電子情報システム基礎演習（再履修）,D
20AA02A0,電子情報システム実験ⅠA組,D
20AA02B0,電子情報システム実験ⅠB組,D
20AA03A0,電子情報システム実験ⅡB組,D
20AA03B0,電子情報システム実験ⅡA組,D
20AA04A0,電子情報システム実験ⅢA組,D
20AA04B0,電子情報システム実験ⅢB組,D
20AA05A0,エレクトロニクスプラクティスA組,D
20AA05B0,エレクトロニクスプラクティスB組,D
20AA06A0,電気回路Ⅰ,D
20AA06B0,Ｒｅ：電気回路Ⅰ,D
20AA07A0,電気回路Ⅱ,D
20AA07B0,Ｒｅ：電気回路Ⅱ,D
20CA08A0,電気磁気学Ⅰ,D
20CA09A0,電気磁気学Ⅱ,D
20CA10A0,基礎電子回路Ⅰ,D
20CA11A0,基礎電子回路Ⅱ,D
20CA12A0,固体エレクトロニクスⅠ,D
20CA13A0,コンピュータ基礎,D
20CA14A0,コンピュータアーキテクチャ,D
20CA15A0,情報通信基礎,D
20CA16A0,電気回路Ⅰ演習,D
20CA17A0,電気回路Ⅱ演習,D
20CA18A0,電気磁気学演習,D
20CA19A0,電子回路演習,D
20CA20A0,プログラミング・同演習,D
20CB01A0,情報社会と倫理,D
20CB02A0,情報と職業,D
20CB03A0,電波・通信法規,D
20CC01A0,電気計測,D
20CC02A0,電気磁気学Ⅲ,D
20CC03A0,レーザ工学,D
20CC04A0,光エレクトロニクス,D
20CC05A0,電気回路Ⅲ,D
20CC06A0,アナログ電子回路,D
20CC07A0,ディジタル電子回路,D
20CC08A0,電子回路設計,D
20CC09A0,固体エレクトロニクスⅡ,D
20CC10A0,半導体デバイス基礎,D
20CC11A0,半導体デバイス工学,D
20CC12A0,量子エレクトロニクス入門,D
20CC13A0,制御工学,D
20CD01A0,コンピュータシステム,D
20CD02A0,コンピュータグラフィクス,D
20CD03A0,メディア情報開発,D
20CD04A0,ネットワーク設計,D
20CD05A0,ディジタル信号処理,D
20CD06A0,伝送理論,D
20CD07A0,通信方式Ⅰ,D
20CD08A0,通信方式Ⅱ,D
20CD09A0,ネットワーク工学,D
20CD10A0,電磁波工学,D
20CD11A0,無線通信工学,D
20CD12A0,情報理論,D
20CD13A0,映像・音響工学,D
14A001A0,卒業研究,K
14A002A0,卒業研究,K
14A003A0,達成度確認テスト,K
14AA01A0,応用化学実験基礎,K
14AA02A0,応用化学実験Ａ,K
14AA03A0,応用化学実験Ｂ,K
14AA04A0,応用化学実験Ｃ,K
14AA05A0,応用化学実験Ｄ,K
14AA06A0,基礎化学演習ａ,K
14AA07A0,基礎化学演習ｂ,K
14AA08A0,基礎化学演習ｃ,K
14AA09A0,応用化学演習ａ,K
14AA10A0,応用化学演習ｂ,K
14AA11A0,応用化学演習ｃ,K
14AA12A0,化学概論ａ,K
14AA12B0,Ｒｅ：化学概論ａ,K
14AA13A0,化学概論ｂ,K
14AA13B0,Ｒｅ：化学概論ｂ,K
14AA14A0,無機化学Ⅰイ組,K
14AA14B0,無機化学Ⅰロ組,K
14AA14C0,無機化学Ⅰ（再履修）,K
14AA15A0,無機化学Ⅱイ組,K
14AA15B0,無機化学Ⅱロ組,K
14AA16A0,物理化学Ⅰイ組,K
14AA16B0,物理化学Ⅰロ組,K
14AA17A0,物理化学Ⅱイ組,K
14AA17B0,物理化学Ⅱロ組,K
14AA18A0,有機化学Ⅰイ組,K
14AA18B0,有機化学Ⅰロ組,K
14AA19A0,有機化学Ⅱイ組,K
14AA19B0,有機化学Ⅱロ組,K
14AA21A0,有機化学Ⅲイ組,K
14AA21B0,有機化学Ⅲロ組,K
14AB14A0,応用化学実験Ｄ,K
14CA12A0,化学概論ａ,K
14CA12B0,Ｒｅ：化学概論ａ,K
14CA13A0,化学概論ｂ,K
14CA13B0,Ｒｅ：化学概論ｂ,K
14CA20A0,化学安全衛生管理,K
14CB01A0,化学工学Ⅰ,K
14CB02A0,化学工学Ⅱ,K
14CB03A0,化学英語,K
14CB04A0,応用化学探求,K
14CB05A0,応用化学探求,K
14CB06A0,情報化学,K
14CB07A0,量子化学,K
14CB08A0,分子分光学,K
14CB09A0,電気化学,K
14CB10A0,国際研究セミナー1組,K
14CB10B0,国際研究セミナー2組,K
14CB10C0,国際研究セミナー3組,K
14CB10D0,国際研究セミナー４組,K
14CB10F0,国際研究セミナー５組,K
14CB10G0,国際研究セミナー６組,K
14CB11A0,国際インターンシップ,K
14CB12A0,危険物取扱法,K
14CB13A0,応用化学探求,K
14CB15A0,化学安全衛生管理,K
14CC01A0,有機化学Ⅲイ組,K
14CC01B0,有機化学Ⅲロ組,K
14CC02A0,有機化学Ⅳ,K
14CC03A0,有機立体化学,K
14CC06A0,無機合成化学,K
14CC07A0,物性化学,K
14CC08A0,錯体・有機金属,K
14CC09A0,基礎高分子科学,K
14CC10A0,高分子化学,K
14CC11A0,高分子物性,K
14CC12A0,固体化学,K
14CD01A0,分析化学Ⅰ,K
14CD02A0,分析化学Ⅱ,K
14CD03A0,分子構造解析Ⅰ,K
14CD04A0,分子構造解析Ⅱ,K
14CD05A0,環境化学,K
14CD06A0,環境計測,K
14CD07A0,資源化学,K
14CD08A0,有機工業化学,K
14CD09A0,生活化学,K
14CD10A0,生命有機化学,K
14CD12A0,危険物取扱法,K
16A001A0,卒業研究,V
16A002A0,卒業研究,V
16A003A0,達成度確認テスト,V
16AA03A0,環境量論基礎,V
16AA03B0,Ｒｅ：環境量論基礎,V
16AA04A0,環境工学演習Ⅰａイ組,V
16AA04B0,環境工学演習Ⅰａロ組,V
16AA05A0,環境工学演習Ⅰｂロ組,V
16AA05B0,環境工学演習Ⅰｂイ組,V
16AA06A0,環境工学演習Ⅱａイ組,V
16AA06B0,環境工学演習Ⅱａロ組,V
16AA07A0,環境工学演習Ⅱｂイ組,V
16AA07B0,環境工学演習Ⅱｂロ組,V
16BE01A0,エネルギー基礎,V
16BE01B0,Ｒｅ：エネルギー基礎,V
16BF01A0,環境化学,V
16BF01B0,Ｒｅ：環境化学,V
16BG08A0,反応工学,V
16BG08B0,Ｒｅ：反応工学,V
16BH01A0,環境システム工学,V
16BH01B0,Ｒｅ：環境システム工学,V
16CA02A0,環境工学入門ａ,V
16CA03A0,環境工学入門ｂ,V
16CA03B0,環境工学入門ｂ（再履修）,V
16CA08A0,実践環境工学,V
16CA09A0,ＣＡＤ製図・演習,V
16CA10A0,研究基礎演習,V
16CA11A0,環境倫理,V
16CA14A0,環境工学入門,V
16CA15A0,環境基礎化学実験,V
16CA16A0,環境統計解析,V
16CB01A0,環境統計解析,V
16CB02A0,環境分析,V
16CB03A0,環境システム工学,V
16CB03B0,Ｒｅ：環境システム工学,V
16CB04A0,数値解析・演習,V
16CB05A0,大気環境学,V
16CB06A0,水環境学,V
16CC01A0,環境土木通論Ⅰ,V
16CC02A0,環境土木通論Ⅱ,V
16CC03A0,上下水工学,V
16CC04A0,廃棄物工学,V
16CC05A0,産業排水処理,V
16CC06A0,生命物理化学,V
16CC06B0,生命物理化学（再履修）,V
16CC08A0,空気調和制御・演習,V
16CC09A0,設備電力通論,V
16CC12A0,環境施設設計,V
16CC13A0,電気設備工学,V
16CD01A0,環境計画,V
16CD05A0,生産マネジメント,V
16CD07A0,新エネルギー技術,V
16CD07B0,新エネルギー技術（再履修）,V
16CD08A0,自然生態系修復,V
16CD09A0,森林生態学,V
16CD10A0,環境バイオテクノロジー,V
16CD11A0,グリーンテクノロジー,V
16CD12A0,有機資源循環技術,V
16CE02A0,電気設備工学,V
16CE03A0,グリーンテクノロジー,V
16CE04A0,空気調和制御・演習,V
16CE06A0,エネルギー機能材料,V
16CE07A0,エネルギー変換工学,V
16CE08A0,移動現象論,V
16CF02A0,森林生態学,V
16CF03A0,環境分析,V
16CF04A0,大気環境学,V
16CF05A0,環境バイオテクノロジー,V
16CF06A0,水環境学,V
16CF07A0,自然生態系修復,V
16CF08A0,土壌環境学,V
16CG01A0,廃棄物工学,V
16CG02A0,上下水システムⅠ,V
16CG03A0,水質変換工学,V
16CG04A0,環境土木通論Ⅰ,V
16CG05A0,環境土木通論Ⅱ,V
16CG06A0,バイオマス利活用技術,V
16CG07A0,環境施設設計,V
16CG09A0,上下水システムⅡ,V
16CG10A0,公衆衛生リスク通論,V
16CH02A0,環境計画,V
16CH03A0,生産マネジメント,V
16CH06A0,数値解析・演習,V
16CH07A0,蓄積・循環管理論,V
17A001A0,卒業研究,U
17A002A0,卒業研究,U
17A003A0,達成度確認テスト,U
17AA01A0,生物実験A組,U
17AA01B0,生物実験B組,U
17AA01C0,生物実験C組,U
17AA02A0,化学実験A組,U
17AA02B0,化学実験B組,U
17AA02C0,化学実験C組,U
17AA03A0,医工学実験A組,U
17AA03B0,医工学実験B組,U
17AA03C0,医工学実験C組,U
17AA04A0,基礎ゼミナール,U
17AA05A0,生命工学ＰＢＬⅠ,U
17AA06A0,生命工学ＰＢＬⅡ,U
17AA07B0,生命工学ゼミナール,U
17AA08A0,生命工学研究ゼミナールⅠ,U
17AA08B0,生命工学研究ゼミナールⅠ,U
17AA08C0,生命工学研究ゼミナールⅠ,U
17AA08D0,生命工学研究ゼミナールⅠ,U
17AA09A0,生命工学研究ゼミナールⅡ,U
17AA09B0,生命工学研究ゼミナールⅡ,U
17AA09C0,生命工学研究ゼミナールⅡ,U
17AA09D0,生命工学研究ゼミナールⅡ,U
17AA11A0,キャリアデベロップメント,U
17AA12A0,工学英語,U
17AA13A0,生命数学演習,U
17AA14A0,生命物理演習,U
17BA15A0,人体生理学Ⅰ,U
17BA16A0,人体生理学Ⅱ,U
17BA17A0,生化学Ⅰ,U
17BA18A0,生化学Ⅱ,U
17BA19A0,電気工学基礎,U
17BA20A0,微生物学,U
17BA21A0,無機化学,U
17BA22A0,有機化学Ⅰ,U
17BA23A0,有機化学Ⅱ,U
17CA24A0,遺伝子工学,U
17CA25A0,技術史（再履修）,U
17CA26A0,公衆衛生学,U
17CA28A0,食品衛生学,U
17CA30A0,食品化学工学,U
17CA31A0,食品加工学,U
17CA33A0,先端技術論,U
17CA34A0,バイオエレクトロニクス,U
17CA35A0,バイオメカニクス,U
17CA36A0,分析化学,U
17CB01A0,医工学概論,U
17CB02A0,高分子工学,U
17CB03A0,人工臓器,U
17CB04A0,生体システム工学,U
17CB05A0,生体物性工学,U
17CB06A0,生命計測工学,U
17CB07A0,バイオマテリアル,U
17CB09A0,生物化学工学,U
17CC01A0,医薬概論,U
17CC02A0,応用微生物学（再履修）,U
17CC03A0,機能性食品学,U
17CC04A0,細胞・組織工学,U
17CC05A0,生物情報工学,U
17CC07A0,タンパク質工学,U
17CC09A0,生命科学概論,U
17CC10A0,免疫学,U
